4.214340139515126787e-05 -7.848205171404211145e-01 1.036644251320621382e-04 -2.356405723126230978e+00 -3.364439552500442986e-05 1.571587567838341970e+00 7.855643721054452744e-01 5.000000000000000104e-03 5.000000000000000104e-03
8.428680279030253573e-05 -7.842428708833939499e-01 2.073288502641242763e-04 -2.356616956060117118e+00 -6.728879105000885972e-05 1.572378808881787382e+00 7.857305808134422698e-01 5.000000000000000104e-03 5.000000000000000104e-03
1.264302041854538036e-04 -7.836652246263667854e-01 3.109932753961864010e-04 -2.356828188994003259e+00 -1.009331865750132828e-04 1.573170049925232794e+00 7.858967895214392652e-01 5.000000000000000104e-03 5.000000000000000104e-03
1.685736055806050715e-04 -7.830875783693396208e-01 4.146577005282484985e-04 -2.357039421927889400e+00 -1.345775821000176923e-04 1.573961290968678206e+00 7.860629982294362605e-01 5.000000000000000104e-03 5.000000000000000104e-03
2.107170069757563393e-04 -7.825099321123124563e-01 5.183221256603105960e-04 -2.357250654861775541e+00 -1.682219776250221154e-04 1.574752532012123618e+00 7.862292069374332559e-01 5.000000000000000104e-03 5.000000000000000104e-03
2.528604083709076072e-04 -7.819322858552852917e-01 6.219865507923726935e-04 -2.357461887795661681e+00 -2.018663731500265385e-04 1.575543773055569030e+00 7.863954156454302513e-01 5.000000000000000104e-03 5.000000000000000104e-03
2.950038097660589022e-04 -7.813546395982581272e-01 7.256509759244347910e-04 -2.357673120729547822e+00 -2.355107686750309616e-04 1.576335014099014442e+00 7.865616243534272467e-01 5.000000000000000104e-03 5.000000000000000104e-03
3.371472111612101971e-04 -7.807769933412309626e-01 8.293154010564969970e-04 -2.357884353663433963e+00 -2.691551642000353847e-04 1.577126255142459854e+00 7.867278330614242421e-01 5.000000000000000104e-03 5.000000000000000104e-03
3.792906125563614921e-04 -7.801993470842037981e-01 9.329798261885590945e-04 -2.358095586597320104e+00 -3.027995597250398348e-04 1.577917496185905266e+00 7.868940417694212375e-01 5.000000000000000104e-03 5.000000000000000104e-03
4.214340139515127329e-04 -7.796217008271766336e-01 1.036644251320621192e-03 -2.358306819531206244e+00 -3.364439552500442850e-04 1.578708737229350678e+00 7.870602504774182329e-01 5.000000000000000104e-03 5.000000000000000104e-03
4.635774153466640278e-04 -7.790440545701494690e-01 1.140308676452683398e-03 -2.358518052465092385e+00 -3.700883507750487352e-04 1.579499978272796090e+00 7.872264591854152282e-01 5.000000000000000104e-03 5.000000000000000104e-03
5.057208167418153228e-04 -7.784664083131223045e-01 1.243973101584745604e-03 -2.358729285398978526e+00 -4.037327463000531854e-04 1.580291219316241502e+00 7.873926678934122236e-01 5.000000000000000104e-03 5.000000000000000104e-03
5.478642181369666178e-04 -7.778887620560951399e-01 1.347637526716807810e-03 -2.358940518332864666e+00 -4.373771418250576356e-04 1.581082460359686914e+00 7.875588766014092190e-01 5.000000000000000104e-03 5.000000000000000104e-03
5.900076195321179127e-04 -7.773111157990679754e-01 1.451301951848870016e-03 -2.359151751266750807e+00 -4.710215373500620858e-04 1.581873701403132326e+00 7.877250853094062144e-01 5.000000000000000104e-03 5.000000000000000104e-03
6.321510209272692077e-04 -7.767334695420408108e-01 1.554966376980932222e-03 -2.359362984200636948e+00 -5.046659328750665360e-04 1.582664942446577738e+00 7.878912940174032098e-01 5.000000000000000104e-03 5.000000000000000104e-03
6.742944223224205027e-04 -7.761558232850136463e-01 1.658630802112994428e-03 -2.359574217134523089e+00 -5.383103284000709862e-04 1.583456183490023150e+00 7.880575027254002052e-01 5.000000000000000104e-03 5.000000000000000104e-03
7.164378237175717977e-04 -7.755781770279864817e-01 1.762295227245056634e-03 -2.359785450068409229e+00 -5.719547239250754363e-04 1.584247424533468562e+00 7.882237114333972006e-01 5.000000000000000104e-03 5.000000000000000104e-03
7.585812251127230926e-04 -7.750005307709593172e-01 1.865959652377118839e-03 -2.359996683002295370e+00 -6.055991194500798865e-04 1.585038665576913974e+00 7.883899201413941960e-01 5.000000000000000104e-03 5.000000000000000104e-03
8.007246265078743876e-04 -7.744228845139321527e-01 1.969624077509181045e-03 -2.360207915936181511e+00 -6.392435149750843367e-04 1.585829906620359386e+00 7.885561288493911913e-01 5.000000000000000104e-03 5.000000000000000104e-03
8.428680279030256826e-04 -7.738452382569049881e-01 2.073288502641243251e-03 -2.360419148870067652e+00 -6.728879105000887869e-04 1.586621147663804798e+00 7.887223375573881867e-01 5.000000000000000104e-03 5.000000000000000104e-03
8.850114292981769775e-04 -7.732675919998778236e-01 2.176952927773305457e-03 -2.360630381803953792e+00 -7.065323060250932371e-04 1.587412388707250210e+00 7.888885462653851821e-01 5.000000000000000104e-03 5.000000000000000104e-03
9.271548306933282725e-04 -7.726899457428506590e-01 2.280617352905367663e-03 -2.360841614737839933e+00 -7.401767015500976873e-04 1.588203629750695622e+00 7.890547549733821775e-01 5.000000000000000104e-03 5.000000000000000104e-03
9.692982320884795675e-04 -7.721122994858234945e-01 2.384281778037429869e-03 -2.361052847671726074e+00 -7.738210970751021375e-04 1.588994870794141034e+00 7.892209636813791729e-01 5.000000000000000104e-03 5.000000000000000104e-03
1.011441633483630862e-03 -7.715346532287963299e-01 2.487946203169492075e-03 -2.361264080605612214e+00 -8.074654926001065876e-04 1.589786111837586446e+00 7.893871723893761683e-01 5.000000000000000104e-03 5.000000000000000104e-03
1.053585034878782049e-03 -7.709570069717691654e-01 2.591610628301554281e-03 -2.361475313539498355e+00 -8.411098881251110378e-04 1.590577352881031858e+00 7.895533810973731637e-01 5.000000000000000104e-03 5.000000000000000104e-03
1.095728436273933236e-03 -7.703793607147420008e-01 2.695275053433616487e-03 -2.361686546473384496e+00 -8.747542836501154880e-04 1.591368593924477270e+00 7.897195898053701590e-01 5.000000000000000104e-03 5.000000000000000104e-03
1.137871837669084422e-03 -7.698017144577148363e-01 2.798939478565678693e-03 -2.361897779407270637e+00 -9.083986791751199382e-04 1.592159834967922682e+00 7.898857985133671544e-01 5.000000000000000104e-03 5.000000000000000104e-03
1.180015239064235609e-03 -7.692240682006876717e-01 2.902603903697740899e-03 -2.362109012341156777e+00 -9.420430747001243884e-04 1.592951076011368094e+00 7.900520072213641498e-01 5.000000000000000104e-03 5.000000000000000104e-03
1.222158640459386795e-03 -7.686464219436605072e-01 3.006268328829803105e-03 -2.362320245275042918e+00 -9.756874702251288386e-04 1.593742317054813507e+00 7.902182159293611452e-01 5.000000000000000104e-03 5.000000000000000104e-03
1.264302041854537982e-03 -7.680687756866333427e-01 3.109932753961865311e-03 -2.362531478208929059e+00 -1.009331865750133289e-03 1.594533558098258919e+00 7.903844246373581406e-01 5.000000000000000104e-03 5.000000000000000104e-03
1.306445443249689168e-03 -7.674911294296061781e-01 3.213597179093927517e-03 -2.362742711142815200e+00 -1.042976261275137739e-03 1.595324799141704331e+00 7.905506333453551360e-01 5.000000000000000104e-03 5.000000000000000104e-03
1.348588844644840355e-03 -7.669134831725790136e-01 3.317261604225989723e-03 -2.362953944076701340e+00 -1.076620656800142189e-03 1.596116040185149743e+00 7.907168420533521314e-01 5.000000000000000104e-03 5.000000000000000104e-03
1.390732246039991541e-03 -7.663358369155518490e-01 3.420926029358051929e-03 -2.363165177010587481e+00 -1.110265052325146639e-03 1.596907281228595155e+00 7.908830507613492378e-01 5.000000000000000104e-03 5.000000000000000104e-03
1.432875647435142945e-03 -7.657581906585246845e-01 3.524590454490114134e-03 -2.363376409944473622e+00 -1.143909447850151090e-03 1.597698522272040567e+00 7.910492594693463442e-01 5.000000000000000104e-03 5.000000000000000104e-03
1.475019048830294131e-03 -7.651805444014975199e-01 3.628254879622176340e-03 -2.363587642878359762e+00 -1.177553843375155540e-03 1.598489763315485979e+00 7.912154681773433396e-01 5.000000000000000104e-03 5.000000000000000104e-03
1.517162450225445318e-03 -7.646028981444703554e-01 3.731919304754238546e-03 -2.363798875812245903e+00 -1.211198238900159990e-03 1.599281004358931391e+00 7.913816768853403349e-01 5.000000000000000104e-03 5.000000000000000104e-03
1.559305851620596721e-03 -7.640252518874431908e-01 3.835583729886300752e-03 -2.364010108746132044e+00 -1.244842634425164440e-03 1.600072245402376803e+00 7.915478855933374414e-01 5.000000000000000104e-03 5.000000000000000104e-03
1.601449253015748125e-03 -7.634476056304160263e-01 3.939248155018362958e-03 -2.364221341680018185e+00 -1.278487029950168890e-03 1.600863486445822215e+00 7.917140943013345478e-01 5.000000000000000104e-03 5.000000000000000104e-03
1.643592654410899311e-03 -7.628699593733888618e-01 4.042912580150425164e-03 -2.364432574613904325e+00 -1.312131425475173340e-03 1.601654727489267627e+00 7.918803030093315432e-01 5.000000000000000104e-03 5.000000000000000104e-03
1.685736055806050498e-03 -7.622923131163616972e-01 4.146577005282487370e-03 -2.364643807547790466e+00 -1.345775821000177791e-03 1.602445968532713039e+00 7.920465117173285385e-01 5.000000000000000104e-03 5.000000000000000104e-03
1.727879457201201901e-03 -7.617146668593345327e-01 4.250241430414549576e-03 -2.364855040481676607e+00 -1.379420216525182241e-03 1.603237209576158451e+00 7.922127204253256449e-01 5.000000000000000104e-03 5.000000000000000104e-03
1.770022858596353305e-03 -7.611370206023073681e-01 4.353905855546611782e-03 -2.365066273415562748e+00 -1.413064612050186691e-03 1.604028450619603863e+00 7.923789291333227514e-01 5.000000000000000104e-03 5.000000000000000104e-03
1.812166259991504491e-03 -7.605593743452802036e-01 4.457570280678673988e-03 -2.365277506349448888e+00 -1.446709007575191141e-03 1.604819691663049275e+00 7.925451378413197467e-01 5.000000000000000104e-03 5.000000000000000104e-03
1.854309661386655678e-03 -7.599817280882530390e-01 4.561234705810736194e-03 -2.365488739283335029e+00 -1.480353403100195375e-03 1.605610932706494687e+00 7.927113465493167421e-01 5.000000000000000104e-03 5.000000000000000104e-03
1.896453062781807081e-03 -7.594040818312258745e-01 4.664899130942798400e-03 -2.365699972217221170e+00 -1.513997798625199825e-03 1.606402173749940099e+00 7.928775552573138485e-01 5.000000000000000104e-03 5.000000000000000104e-03
1.938596464176958484e-03 -7.588264355741987099e-01 4.768563556074859738e-03 -2.365911205151107310e+00 -1.547642194150204275e-03 1.607193414793385511e+00 7.930437639653109549e-01 5.000000000000000104e-03 5.000000000000000104e-03
1.980739865572109671e-03 -7.582487893171716564e-01 4.872227981206921944e-03 -2.366122438084993451e+00 -1.581286589675208508e-03 1.607984655836831145e+00 7.932099726733079503e-01 5.000000000000000104e-03 5.000000000000000104e-03
2.022883266967260858e-03 -7.576711430601446029e-01 4.975892406338984150e-03 -2.366333671018879592e+00 -1.614930985200212742e-03 1.608775896880276779e+00 7.933761813813049457e-01 5.000000000000000104e-03 5.000000000000000104e-03
2.065026668362412044e-03 -7.570934968031174384e-01 5.079556831471045489e-03 -2.366544903952765733e+00 -1.648575380725217192e-03 1.609567137923722191e+00 7.935423900893020521e-01 5.000000000000000104e-03 5.000000000000000104e-03
2.107170069757563664e-03 -7.565158505460902738e-01 5.183221256603106827e-03 -2.366756136886651873e+00 -1.682219776250221642e-03 1.610358378967167603e+00 7.937085987972991585e-01 5.000000000000000104e-03 5.000000000000000104e-03
2.149313471152714851e-03 -7.559382042890632203e-01 5.286885681735169033e-03 -2.366967369820538014e+00 -1.715864171775225875e-03 1.611149620010613237e+00 7.938748075052961539e-01 5.000000000000000104e-03 5.000000000000000104e-03
2.191456872547866037e-03 -7.553605580320360557e-01 5.390550106867231239e-03 -2.367178602754424155e+00 -1.749508567300230326e-03 1.611940861054058649e+00 7.940410162132931493e-01 5.000000000000000104e-03 5.000000000000000104e-03
2.233600273943017224e-03 -7.547829117750088912e-01 5.494214531999293445e-03 -2.367389835688310296e+00 -1.783152962825234776e-03 1.612732102097504061e+00 7.942072249212901447e-01 5.000000000000000104e-03 5.000000000000000104e-03
2.275743675338168411e-03 -7.542052655179817267e-01 5.597878957131355651e-03 -2.367601068622196436e+00 -1.816797358350239226e-03 1.613523343140949473e+00 7.943734336292871401e-01 5.000000000000000104e-03 5.000000000000000104e-03
2.317887076733319597e-03 -7.536276192609545621e-01 5.701543382263417857e-03 -2.367812301556082577e+00 -1.850441753875243676e-03 1.614314584184394885e+00 7.945396423372841355e-01 5.000000000000000104e-03 5.000000000000000104e-03
2.360030478128470784e-03 -7.530499730039273976e-01 5.805207807395480063e-03 -2.368023534489968718e+00 -1.884086149400248126e-03 1.615105825227840297e+00 7.947058510452811309e-01 5.000000000000000104e-03 5.000000000000000104e-03
2.402173879523621970e-03 -7.524723267469002330e-01 5.908872232527542269e-03 -2.368234767423854858e+00 -1.917730544925252576e-03 1.615897066271285709e+00 7.948720597532781262e-01 5.000000000000000104e-03 5.000000000000000104e-03
2.444317280918773157e-03 -7.518946804898730685e-01 6.012536657659604475e-03 -2.368446000357740999e+00 -1.951374940450257027e-03 1.616688307314731121e+00 7.950382684612751216e-01 5.000000000000000104e-03 5.000000000000000104e-03
2.486460682313924343e-03 -7.513170342328459039e-01 6.116201082791666681e-03 -2.368657233291627140e+00 -1.985019335975261260e-03 1.617479548358176533e+00 7.952044771692721170e-01 5.000000000000000104e-03 5.000000000000000104e-03
2.528604083709075530e-03 -7.507393879758187394e-01 6.219865507923728887e-03 -2.368868466225513281e+00 -2.018663731500265710e-03 1.618270789401621945e+00 7.953706858772691124e-01 5.000000000000000104e-03 5.000000000000000104e-03
2.570747485104226716e-03 -7.501617417187915748e-01 6.323529933055791093e-03 -2.369079699159399421e+00 -2.052308127025270160e-03 1.619062030445067357e+00 7.955368945852661078e-01 5.000000000000000104e-03 5.000000000000000104e-03
2.612890886499377903e-03 -7.495840954617644103e-01 6.427194358187853299e-03 -2.369290932093285562e+00 -2.085952522550274611e-03 1.619853271488512769e+00 7.957031032932631032e-01 5.000000000000000104e-03 5.000000000000000104e-03
2.655034287894529089e-03 -7.490064492047372458e-01 6.530858783319915505e-03 -2.369502165027171703e+00 -2.119596918075279061e-03 1.620644512531958181e+00 7.958693120012600986e-01 5.000000000000000104e-03 5.000000000000000104e-03
2.697177689289680276e-03 -7.484288029477100812e-01 6.634523208451977710e-03 -2.369713397961057844e+00 -2.153241313600283511e-03 1.621435753575403593e+00 7.960355207092570939e-01 5.000000000000000104e-03 5.000000000000000104e-03
2.739321090684831463e-03 -7.478511566906829167e-01 6.738187633584039916e-03 -2.369924630894943984e+00 -2.186885709125287961e-03 1.622226994618849005e+00 7.962017294172540893e-01 5.000000000000000104e-03 5.000000000000000104e-03
2.781464492079982649e-03 -7.472735104336557521e-01 6.841852058716102122e-03 -2.370135863828830125e+00 -2.220530104650292411e-03 1.623018235662294417e+00 7.963679381252510847e-01 5.000000000000000104e-03 5.000000000000000104e-03
2.823607893475133836e-03 -7.466958641766285876e-01 6.945516483848164328e-03 -2.370347096762716266e+00 -2.254174500175296861e-03 1.623809476705739829e+00 7.965341468332480801e-01 5.000000000000000104e-03 5.000000000000000104e-03
2.865751294870285022e-03 -7.461182179196014230e-01 7.049180908980226534e-03 -2.370558329696602407e+00 -2.287818895700301312e-03 1.624600717749185241e+00 7.967003555412450755e-01 5.000000000000000104e-03 5.000000000000000104e-03
2.907894696265436209e-03 -7.455405716625742585e-01 7.152845334112288740e-03 -2.370769562630488547e+00 -2.321463291225305762e-03 1.625391958792630653e+00 7.968665642492420709e-01 5.000000000000000104e-03 5.000000000000000104e-03
2.950038097660587395e-03 -7.449629254055470939e-01 7.256509759244350946e-03 -2.370980795564374688e+00 -2.355107686750310212e-03 1.626183199836076065e+00 7.970327729572390663e-01 5.000000000000000104e-03 5.000000000000000104e-03
2.992181499055738582e-03 -7.443852791485199294e-01 7.360174184376413152e-03 -2.371192028498260829e+00 -2.388752082275314662e-03 1.626974440879521477e+00 7.971989816652360616e-01 5.000000000000000104e-03 5.000000000000000104e-03
3.034324900450889768e-03 -7.438076328914927648e-01 7.463838609508475358e-03 -2.371403261432146969e+00 -2.422396477800319112e-03 1.627765681922966889e+00 7.973651903732330570e-01 5.000000000000000104e-03 5.000000000000000104e-03
3.076468301846040955e-03 -7.432299866344656003e-01 7.567503034640537564e-03 -2.371614494366033110e+00 -2.456040873325323563e-03 1.628556922966412301e+00 7.975313990812300524e-01 5.000000000000000104e-03 5.000000000000000104e-03
3.118611703241192142e-03 -7.426523403774384358e-01 7.671167459772599770e-03 -2.371825727299919251e+00 -2.489685268850328013e-03 1.629348164009857713e+00 7.976976077892270478e-01 5.000000000000000104e-03 5.000000000000000104e-03
3.160755104636343328e-03 -7.420746941204112712e-01 7.774831884904661976e-03 -2.372036960233805392e+00 -2.523329664375332463e-03 1.630139405053303125e+00 7.978638164972240432e-01 5.000000000000000104e-03 5.000000000000000104e-03
3.202898506031494515e-03 -7.414970478633841067e-01 7.878496310036724182e-03 -2.372248193167691532e+00 -2.556974059900336913e-03 1.630930646096748537e+00 7.980300252052210386e-01 5.000000000000000104e-03 5.000000000000000104e-03
3.245041907426645701e-03 -7.409194016063569421e-01 7.982160735168785520e-03 -2.372459426101577673e+00 -2.590618455425341363e-03 1.631721887140193950e+00 7.981962339132180340e-01 5.000000000000000104e-03 5.000000000000000104e-03
3.287185308821796888e-03 -7.403417553493297776e-01 8.085825160300846859e-03 -2.372670659035463814e+00 -2.624262850950345814e-03 1.632513128183639362e+00 7.983624426212150293e-01 5.000000000000000104e-03 5.000000000000000104e-03
3.329328710216948074e-03 -7.397641090923026130e-01 8.189489585432908197e-03 -2.372881891969349955e+00 -2.657907246475350264e-03 1.633304369227084774e+00 7.985286513292120247e-01 5.000000000000000104e-03 5.000000000000000104e-03
3.371472111612099261e-03 -7.391864628352754485e-01 8.293154010564971271e-03 -2.373093124903236095e+00 -2.691551642000354714e-03 1.634095610270530186e+00 7.986948600372090201e-01 5.000000000000000104e-03 5.000000000000000104e-03
3.413615513007250447e-03 -7.386088165782482839e-01 8.396818435697034344e-03 -2.373304357837122236e+00 -2.725196037525359164e-03 1.634886851313975598e+00 7.988610687452060155e-01 5.000000000000000104e-03 5.000000000000000104e-03
3.455758914402401634e-03 -7.380311703212211194e-01 8.500482860829095683e-03 -2.373515590771008377e+00 -2.758840433050363614e-03 1.635678092357421010e+00 7.990272774532030109e-01 5.000000000000000104e-03 5.000000000000000104e-03
3.497902315797552820e-03 -7.374535240641939549e-01 8.604147285961157021e-03 -2.373726823704894517e+00 -2.792484828575368064e-03 1.636469333400866422e+00 7.991934861612000063e-01 5.000000000000000104e-03 5.000000000000000104e-03
3.540045717192704441e-03 -7.368758778071667903e-01 8.707811711093220094e-03 -2.373938056638780658e+00 -2.826129224100372515e-03 1.637260574444311834e+00 7.993596948691971127e-01 5.000000000000000104e-03 5.000000000000000104e-03
3.582189118587856061e-03 -7.362982315501396258e-01 8.811476136225283168e-03 -2.374149289572666799e+00 -2.859773619625376965e-03 1.638051815487757246e+00 7.995259035771942191e-01 5.000000000000000104e-03 5.000000000000000104e-03
3.624332519983007247e-03 -7.357205852931124612e-01 8.915140561357344506e-03 -2.374360522506552940e+00 -2.893418015150381415e-03 1.638843056531202658e+00 7.996921122851912145e-01 5.000000000000000104e-03 5.000000000000000104e-03
3.666475921378158434e-03 -7.351429390360852967e-01 9.018804986489405845e-03 -2.374571755440439080e+00 -2.927062410675385865e-03 1.639634297574648070e+00 7.998583209931882099e-01 5.000000000000000104e-03 5.000000000000000104e-03
3.708619322773310054e-03 -7.345652927790581321e-01 9.122469411621468918e-03 -2.374782988374325221e+00 -2.960706806200390315e-03 1.640425538618093482e+00 8.000245297011853163e-01 5.000000000000000104e-03 5.000000000000000104e-03
3.750762724168461675e-03 -7.339876465220309676e-01 9.226133836753531992e-03 -2.374994221308211362e+00 -2.994351201725394766e-03 1.641216779661538894e+00 8.001907384091824227e-01 5.000000000000000104e-03 5.000000000000000104e-03
3.792906125563612861e-03 -7.334100002650038030e-01 9.329798261885593330e-03 -2.375205454242097503e+00 -3.027995597250399216e-03 1.642008020704984306e+00 8.003569471171794181e-01 5.000000000000000104e-03 5.000000000000000104e-03
3.835049526958764048e-03 -7.328323540079766385e-01 9.433462687017654669e-03 -2.375416687175983643e+00 -3.061639992775403666e-03 1.642799261748429718e+00 8.005231558251764135e-01 5.000000000000000104e-03 5.000000000000000104e-03
3.877192928353915668e-03 -7.322547077509494740e-01 9.537127112149717742e-03 -2.375627920109869784e+00 -3.095284388300408116e-03 1.643590502791875130e+00 8.006893645331735199e-01 5.000000000000000104e-03 5.000000000000000104e-03
3.919336329749067288e-03 -7.316770614939223094e-01 9.640791537281780815e-03 -2.375839153043755925e+00 -3.128928783825412566e-03 1.644381743835320542e+00 8.008555732411706263e-01 5.000000000000000104e-03 5.000000000000000104e-03
3.961479731144218475e-03 -7.310994152368951449e-01 9.744455962413842154e-03 -2.376050385977642065e+00 -3.162573179350417017e-03 1.645172984878765954e+00 8.010217819491676217e-01 5.000000000000000104e-03 5.000000000000000104e-03
4.003623132539369661e-03 -7.305217689798679803e-01 9.848120387545903492e-03 -2.376261618911528206e+00 -3.196217574875421467e-03 1.645964225922211366e+00 8.011879906571646170e-01 5.000000000000000104e-03 5.000000000000000104e-03
4.045766533934520848e-03 -7.299441227228408158e-01 9.951784812677966566e-03 -2.376472851845414347e+00 -3.229861970400425917e-03 1.646755466965657000e+00 8.013541993651617235e-01 5.000000000000000104e-03 5.000000000000000104e-03
4.087909935329672034e-03 -7.293664764658136512e-01 1.005544923781002964e-02 -2.376684084779300488e+00 -3.263506365925430367e-03 1.647546708009102634e+00 8.015204080731588299e-01 5.000000000000000104e-03 5.000000000000000104e-03
4.130053336724823221e-03 -7.287888302087865977e-01 1.015911366294209098e-02 -2.376895317713186628e+00 -3.297150761450434817e-03 1.648337949052548046e+00 8.016866167811558253e-01 5.000000000000000104e-03 5.000000000000000104e-03
4.172196738119974407e-03 -7.282111839517595442e-01 1.026277808807415232e-02 -2.377106550647072769e+00 -3.330795156975439267e-03 1.649129190095993458e+00 8.018528254891528206e-01 5.000000000000000104e-03 5.000000000000000104e-03
4.214340139515126461e-03 -7.276335376947323796e-01 1.036644251320621539e-02 -2.377317783580958910e+00 -3.364439552500443718e-03 1.649920431139439092e+00 8.020190341971499270e-01 5.000000000000000104e-03 5.000000000000000104e-03
4.256483540910278515e-03 -7.270558914377052151e-01 1.047010693833827846e-02 -2.377529016514845051e+00 -3.398083948025447734e-03 1.650711672182884726e+00 8.021852429051470335e-01 5.000000000000000104e-03 5.000000000000000104e-03
4.298626942305429702e-03 -7.264782451806781616e-01 1.057377136347033980e-02 -2.377740249448731191e+00 -3.431728343550452184e-03 1.651502913226330138e+00 8.023514516131440288e-01 5.000000000000000104e-03 5.000000000000000104e-03
4.340770343700580888e-03 -7.259005989236509970e-01 1.067743578860240114e-02 -2.377951482382617332e+00 -3.465372739075456635e-03 1.652294154269775550e+00 8.025176603211410242e-01 5.000000000000000104e-03 5.000000000000000104e-03
4.382913745095732075e-03 -7.253229526666238325e-01 1.078110021373446248e-02 -2.378162715316503473e+00 -3.499017134600461085e-03 1.653085395313220962e+00 8.026838690291380196e-01 5.000000000000000104e-03 5.000000000000000104e-03
4.425057146490883261e-03 -7.247453064095966679e-01 1.088476463886652382e-02 -2.378373948250389613e+00 -3.532661530125465535e-03 1.653876636356666374e+00 8.028500777371350150e-01 5.000000000000000104e-03 5.000000000000000104e-03
4.467200547886034448e-03 -7.241676601525695034e-01 1.098842906399858516e-02 -2.378585181184275754e+00 -3.566305925650469985e-03 1.654667877400111786e+00 8.030162864451320104e-01 5.000000000000000104e-03 5.000000000000000104e-03
4.509343949281185635e-03 -7.235900138955423389e-01 1.109209348913064823e-02 -2.378796414118161895e+00 -3.599950321175474435e-03 1.655459118443557198e+00 8.031824951531290058e-01 5.000000000000000104e-03 5.000000000000000104e-03
4.551487350676336821e-03 -7.230123676385151743e-01 1.119575791426271130e-02 -2.379007647052048036e+00 -3.633594716700478885e-03 1.656250359487002610e+00 8.033487038611260012e-01 5.000000000000000104e-03 5.000000000000000104e-03
4.593630752071488008e-03 -7.224347213814880098e-01 1.129942233939477264e-02 -2.379218879985934176e+00 -3.667239112225483336e-03 1.657041600530448022e+00 8.035149125691229965e-01 5.000000000000000104e-03 5.000000000000000104e-03
4.635774153466639194e-03 -7.218570751244608452e-01 1.140308676452683398e-02 -2.379430112919820317e+00 -3.700883507750487786e-03 1.657832841573893434e+00 8.036811212771199919e-01 5.000000000000000104e-03 5.000000000000000104e-03
4.677917554861790381e-03 -7.212794288674336807e-01 1.150675118965889705e-02 -2.379641345853706458e+00 -3.734527903275492236e-03 1.658624082617338846e+00 8.038473299851169873e-01 5.000000000000000104e-03 5.000000000000000104e-03
4.720060956256941567e-03 -7.207017826104065161e-01 1.161041561479096013e-02 -2.379852578787592599e+00 -3.768172298800496686e-03 1.659415323660784258e+00 8.040135386931139827e-01 5.000000000000000104e-03 5.000000000000000104e-03
4.762204357652092754e-03 -7.201241363533793516e-01 1.171408003992302146e-02 -2.380063811721478739e+00 -3.801816694325501136e-03 1.660206564704229670e+00 8.041797474011109781e-01 5.000000000000000104e-03 5.000000000000000104e-03
4.804347759047243940e-03 -7.195464900963521870e-01 1.181774446505508280e-02 -2.380275044655364880e+00 -3.835461089850505587e-03 1.660997805747675082e+00 8.043459561091079735e-01 5.000000000000000104e-03 5.000000000000000104e-03
4.846491160442395127e-03 -7.189688438393250225e-01 1.192140889018714588e-02 -2.380486277589251021e+00 -3.869105485375510037e-03 1.661789046791120494e+00 8.045121648171049689e-01 5.000000000000000104e-03 5.000000000000000104e-03
4.888634561837546313e-03 -7.183911975822978579e-01 1.202507331531920895e-02 -2.380697510523137161e+00 -3.902749880900514487e-03 1.662580287834565906e+00 8.046783735251019642e-01 5.000000000000000104e-03 5.000000000000000104e-03
4.930777963232697500e-03 -7.178135513252706934e-01 1.212873774045127029e-02 -2.380908743457023302e+00 -3.936394276425518937e-03 1.663371528878011318e+00 8.048445822330989596e-01 5.000000000000000104e-03 5.000000000000000104e-03
4.972921364627848687e-03 -7.172359050682435289e-01 1.223240216558333163e-02 -2.381119976390909443e+00 -3.970038671950523387e-03 1.664162769921456730e+00 8.050107909410959550e-01 5.000000000000000104e-03 5.000000000000000104e-03
5.015064766022999873e-03 -7.166582588112163643e-01 1.233606659071539470e-02 -2.381331209324795584e+00 -4.003683067475527838e-03 1.664954010964902142e+00 8.051769996490929504e-01 5.000000000000000104e-03 5.000000000000000104e-03
5.057208167418151060e-03 -7.160806125541891998e-01 1.243973101584745777e-02 -2.381542442258681724e+00 -4.037327463000532288e-03 1.665745252008347554e+00 8.053432083570899458e-01 5.000000000000000104e-03 5.000000000000000104e-03
5.099351568813302246e-03 -7.155029662971620352e-01 1.254339544097951911e-02 -2.381753675192567865e+00 -4.070971858525536738e-03 1.666536493051792966e+00 8.055094170650869412e-01 5.000000000000000104e-03 5.000000000000000104e-03
5.141494970208453433e-03 -7.149253200401348707e-01 1.264705986611158045e-02 -2.381964908126454006e+00 -4.104616254050541188e-03 1.667327734095238378e+00 8.056756257730839366e-01 5.000000000000000104e-03 5.000000000000000104e-03
5.183638371603604619e-03 -7.143476737831077061e-01 1.275072429124364352e-02 -2.382176141060340147e+00 -4.138260649575545638e-03 1.668118975138683791e+00 8.058418344810809320e-01 5.000000000000000104e-03 5.000000000000000104e-03
5.225781772998755806e-03 -7.137700275260805416e-01 1.285438871637570660e-02 -2.382387373994226287e+00 -4.171905045100550088e-03 1.668910216182129203e+00 8.060080431890779273e-01 5.000000000000000104e-03 5.000000000000000104e-03
5.267925174393906992e-03 -7.131923812690533770e-01 1.295805314150776794e-02 -2.382598606928112428e+00 -4.205549440625554539e-03 1.669701457225574615e+00 8.061742518970749227e-01 5.000000000000000104e-03 5.000000000000000104e-03
5.310068575789058179e-03 -7.126147350120262125e-01 1.306171756663982927e-02 -2.382809839861998569e+00 -4.239193836150558989e-03 1.670492698269020027e+00 8.063404606050719181e-01 5.000000000000000104e-03 5.000000000000000104e-03
5.352211977184209366e-03 -7.120370887549990480e-01 1.316538199177189235e-02 -2.383021072795884709e+00 -4.272838231675563439e-03 1.671283939312465439e+00 8.065066693130689135e-01 5.000000000000000104e-03 5.000000000000000104e-03
5.394355378579360552e-03 -7.114594424979718834e-01 1.326904641690395542e-02 -2.383232305729770850e+00 -4.306482627200567889e-03 1.672075180355910851e+00 8.066728780210659089e-01 5.000000000000000104e-03 5.000000000000000104e-03
5.436498779974511739e-03 -7.108817962409447189e-01 1.337271084203601676e-02 -2.383443538663656991e+00 -4.340127022725572339e-03 1.672866421399356263e+00 8.068390867290629043e-01 5.000000000000000104e-03 5.000000000000000104e-03
5.478642181369662925e-03 -7.103041499839175543e-01 1.347637526716807810e-02 -2.383654771597543132e+00 -4.373771418250576790e-03 1.673657662442801675e+00 8.070052954370598997e-01 5.000000000000000104e-03 5.000000000000000104e-03
5.520785582764814112e-03 -7.097265037268903898e-01 1.358003969230014117e-02 -2.383866004531429272e+00 -4.407415813775581240e-03 1.674448903486247087e+00 8.071715041450568950e-01 5.000000000000000104e-03 5.000000000000000104e-03
5.562928984159965298e-03 -7.091488574698632252e-01 1.368370411743220424e-02 -2.384077237465315413e+00 -4.441060209300585690e-03 1.675240144529692499e+00 8.073377128530538904e-01 5.000000000000000104e-03 5.000000000000000104e-03
5.605072385555116485e-03 -7.085712112128360607e-01 1.378736854256426558e-02 -2.384288470399201554e+00 -4.474704604825590140e-03 1.676031385573137911e+00 8.075039215610508858e-01 5.000000000000000104e-03 5.000000000000000104e-03
5.647215786950267671e-03 -7.079935649558088961e-01 1.389103296769632692e-02 -2.384499703333087695e+00 -4.508349000350594590e-03 1.676822626616583323e+00 8.076701302690478812e-01 5.000000000000000104e-03 5.000000000000000104e-03
5.689359188345418858e-03 -7.074159186987817316e-01 1.399469739282839000e-02 -2.384710936266973835e+00 -4.541993395875599041e-03 1.677613867660028735e+00 8.078363389770449876e-01 5.000000000000000104e-03 5.000000000000000104e-03
5.731502589740570044e-03 -7.068382724417545671e-01 1.409836181796045307e-02 -2.384922169200859976e+00 -4.575637791400603491e-03 1.678405108703474147e+00 8.080025476850420940e-01 5.000000000000000104e-03 5.000000000000000104e-03
5.773645991135721231e-03 -7.062606261847274025e-01 1.420202624309251441e-02 -2.385133402134746117e+00 -4.609282186925607941e-03 1.679196349746919559e+00 8.081687563930390894e-01 5.000000000000000104e-03 5.000000000000000104e-03
5.815789392530872418e-03 -7.056829799277002380e-01 1.430569066822457575e-02 -2.385344635068632257e+00 -4.642926582450612391e-03 1.679987590790364971e+00 8.083349651010360848e-01 5.000000000000000104e-03 5.000000000000000104e-03
5.857932793926023604e-03 -7.051053336706730734e-01 1.440935509335663882e-02 -2.385555868002518398e+00 -4.676570977975616841e-03 1.680778831833810383e+00 8.085011738090331912e-01 5.000000000000000104e-03 5.000000000000000104e-03
5.900076195321174791e-03 -7.045276874136459089e-01 1.451301951848870189e-02 -2.385767100936404539e+00 -4.710215373500621291e-03 1.681570072877255795e+00 8.086673825170302976e-01 5.000000000000000104e-03 5.000000000000000104e-03
5.942219596716325977e-03 -7.039500411566187443e-01 1.461668394362076323e-02 -2.385978333870290680e+00 -4.743859769025625742e-03 1.682361313920701207e+00 8.088335912250272930e-01 5.000000000000000104e-03 5.000000000000000104e-03
5.984362998111477164e-03 -7.033723948995915798e-01 1.472034836875282457e-02 -2.386189566804176820e+00 -4.777504164550630192e-03 1.683152554964146619e+00 8.089997999330242884e-01 5.000000000000000104e-03 5.000000000000000104e-03
6.026506399506628350e-03 -7.027947486425644152e-01 1.482401279388488764e-02 -2.386400799738062961e+00 -4.811148560075634642e-03 1.683943796007592031e+00 8.091660086410213948e-01 5.000000000000000104e-03 5.000000000000000104e-03
6.068649800901779537e-03 -7.022171023855372507e-01 1.492767721901695072e-02 -2.386612032671949102e+00 -4.844792955600639092e-03 1.684735037051037443e+00 8.093322173490185012e-01 5.000000000000000104e-03 5.000000000000000104e-03
6.110793202296931591e-03 -7.016394561285100862e-01 1.503134164414901205e-02 -2.386823265605835243e+00 -4.878437351125643542e-03 1.685526278094482855e+00 8.094984260570154966e-01 5.000000000000000104e-03 5.000000000000000104e-03
6.152936603692083645e-03 -7.010618098714829216e-01 1.513500606928107339e-02 -2.387034498539721383e+00 -4.912081746650647993e-03 1.686317519137928489e+00 8.096646347650124920e-01 5.000000000000000104e-03 5.000000000000000104e-03
6.195080005087234831e-03 -7.004841636144557571e-01 1.523867049441313647e-02 -2.387245731473607524e+00 -4.945726142175652443e-03 1.687108760181373901e+00 8.098308434730095984e-01 5.000000000000000104e-03 5.000000000000000104e-03
6.237223406482386018e-03 -6.999065173574285925e-01 1.534233491954519954e-02 -2.387456964407493665e+00 -4.979370537700656893e-03 1.687900001224819313e+00 8.099970521810067048e-01 5.000000000000000104e-03 5.000000000000000104e-03
6.279366807877538072e-03 -6.993288711004015390e-01 1.544599934467726088e-02 -2.387668197341379805e+00 -5.013014933225661343e-03 1.688691242268264947e+00 8.101632608890037002e-01 5.000000000000000104e-03 5.000000000000000104e-03
6.321510209272690126e-03 -6.987512248433744855e-01 1.554966376980932222e-02 -2.387879430275265946e+00 -5.046659328750665793e-03 1.689482483311710581e+00 8.103294695970006956e-01 5.000000000000000104e-03 5.000000000000000104e-03
6.363653610667841312e-03 -6.981735785863473209e-01 1.565332819494138356e-02 -2.388090663209152087e+00 -5.080303724275670244e-03 1.690273724355155993e+00 8.104956783049978020e-01 5.000000000000000104e-03 5.000000000000000104e-03
6.405797012062992499e-03 -6.975959323293201564e-01 1.575699262007344836e-02 -2.388301896143038228e+00 -5.113948119800674694e-03 1.691064965398601405e+00 8.106618870129949084e-01 5.000000000000000104e-03 5.000000000000000104e-03
6.447940413458144553e-03 -6.970182860722931029e-01 1.586065704520550970e-02 -2.388513129076924368e+00 -5.147592515325678277e-03 1.691856206442047039e+00 8.108280957209919038e-01 5.000000000000000104e-03 5.000000000000000104e-03
6.490083814853295739e-03 -6.964406398152659383e-01 1.596432147033757104e-02 -2.388724362010810509e+00 -5.181236910850682727e-03 1.692647447485492451e+00 8.109943044289888991e-01 5.000000000000000104e-03 5.000000000000000104e-03
6.532227216248446926e-03 -6.958629935582387738e-01 1.606798589546963238e-02 -2.388935594944696650e+00 -5.214881306375687177e-03 1.693438688528937863e+00 8.111605131369858945e-01 5.000000000000000104e-03 5.000000000000000104e-03
6.574370617643598112e-03 -6.952853473012116092e-01 1.617165032060169372e-02 -2.389146827878582791e+00 -5.248525701900691627e-03 1.694229929572383275e+00 8.113267218449828899e-01 5.000000000000000104e-03 5.000000000000000104e-03
6.616514019038749299e-03 -6.947077010441844447e-01 1.627531474573375506e-02 -2.389358060812468931e+00 -5.282170097425696077e-03 1.695021170615828687e+00 8.114929305529798853e-01 5.000000000000000104e-03 5.000000000000000104e-03
6.658657420433900485e-03 -6.941300547871572801e-01 1.637897917086581639e-02 -2.389569293746355072e+00 -5.315814492950700527e-03 1.695812411659274099e+00 8.116591392609768807e-01 5.000000000000000104e-03 5.000000000000000104e-03
6.700800821829051672e-03 -6.935524085301301156e-01 1.648264359599787773e-02 -2.389780526680241213e+00 -5.349458888475704978e-03 1.696603652702719511e+00 8.118253479689738761e-01 5.000000000000000104e-03 5.000000000000000104e-03
6.742944223224202858e-03 -6.929747622731029510e-01 1.658630802112993907e-02 -2.389991759614127353e+00 -5.383103284000709428e-03 1.697394893746164923e+00 8.119915566769708715e-01 5.000000000000000104e-03 5.000000000000000104e-03
6.785087624619354045e-03 -6.923971160160757865e-01 1.668997244626200041e-02 -2.390202992548013494e+00 -5.416747679525713878e-03 1.698186134789610335e+00 8.121577653849678669e-01 5.000000000000000104e-03 5.000000000000000104e-03
6.827231026014505232e-03 -6.918194697590486220e-01 1.679363687139406175e-02 -2.390414225481899635e+00 -5.450392075050718328e-03 1.698977375833055747e+00 8.123239740929648622e-01 5.000000000000000104e-03 5.000000000000000104e-03
6.869374427409656418e-03 -6.912418235020214574e-01 1.689730129652612309e-02 -2.390625458415785776e+00 -5.484036470575722778e-03 1.699768616876501159e+00 8.124901828009618576e-01 5.000000000000000104e-03 5.000000000000000104e-03
6.911517828804807605e-03 -6.906641772449942929e-01 1.700096572165818443e-02 -2.390836691349671916e+00 -5.517680866100727229e-03 1.700559857919946571e+00 8.126563915089588530e-01 5.000000000000000104e-03 5.000000000000000104e-03
6.953661230199958791e-03 -6.900865309879671283e-01 1.710463014679024576e-02 -2.391047924283558057e+00 -5.551325261625731679e-03 1.701351098963391983e+00 8.128226002169558484e-01 5.000000000000000104e-03 5.000000000000000104e-03
6.995804631595109978e-03 -6.895088847309399638e-01 1.720829457192230710e-02 -2.391259157217444198e+00 -5.584969657150736129e-03 1.702142340006837395e+00 8.129888089249528438e-01 5.000000000000000104e-03 5.000000000000000104e-03
7.037948032990261164e-03 -6.889312384739127992e-01 1.731195899705436844e-02 -2.391470390151330339e+00 -5.618614052675740579e-03 1.702933581050282807e+00 8.131550176329498392e-01 5.000000000000000104e-03 5.000000000000000104e-03
7.080091434385412351e-03 -6.883535922168856347e-01 1.741562342218642978e-02 -2.391681623085216479e+00 -5.652258448200745029e-03 1.703724822093728219e+00 8.133212263409468346e-01 5.000000000000000104e-03 5.000000000000000104e-03
7.122234835780563537e-03 -6.877759459598584701e-01 1.751928784731849112e-02 -2.391892856019102620e+00 -5.685902843725749480e-03 1.704516063137173632e+00 8.134874350489438299e-01 5.000000000000000104e-03 5.000000000000000104e-03
7.164378237175714724e-03 -6.871982997028313056e-01 1.762295227245055246e-02 -2.392104088952988761e+00 -5.719547239250753930e-03 1.705307304180619044e+00 8.136536437569408253e-01 5.000000000000000104e-03 5.000000000000000104e-03
7.206521638570865911e-03 -6.866206534458041411e-01 1.772661669758261380e-02 -2.392315321886874901e+00 -5.753191634775758380e-03 1.706098545224064456e+00 8.138198524649378207e-01 5.000000000000000104e-03 5.000000000000000104e-03
7.248665039966017097e-03 -6.860430071887769765e-01 1.783028112271467513e-02 -2.392526554820761042e+00 -5.786836030300762830e-03 1.706889786267509868e+00 8.139860611729348161e-01 5.000000000000000104e-03 5.000000000000000104e-03
7.290808441361168284e-03 -6.854653609317498120e-01 1.793394554784673647e-02 -2.392737787754647183e+00 -5.820480425825767280e-03 1.707681027310955280e+00 8.141522698809318115e-01 5.000000000000000104e-03 5.000000000000000104e-03
7.332951842756319470e-03 -6.848877146747226474e-01 1.803760997297879781e-02 -2.392949020688533324e+00 -5.854124821350771730e-03 1.708472268354400692e+00 8.143184785889288069e-01 5.000000000000000104e-03 5.000000000000000104e-03
7.375095244151470657e-03 -6.843100684176954829e-01 1.814127439811085915e-02 -2.393160253622419464e+00 -5.887769216875776181e-03 1.709263509397846104e+00 8.144846872969258023e-01 5.000000000000000104e-03 5.000000000000000104e-03
7.417238645546621843e-03 -6.837324221606683183e-01 1.824493882324292049e-02 -2.393371486556305605e+00 -5.921413612400780631e-03 1.710054750441291516e+00 8.146508960049227976e-01 5.000000000000000104e-03 5.000000000000000104e-03
7.459382046941773030e-03 -6.831547759036411538e-01 1.834860324837498183e-02 -2.393582719490191746e+00 -5.955058007925785081e-03 1.710845991484736928e+00 8.148171047129197930e-01 5.000000000000000104e-03 5.000000000000000104e-03
7.501525448336924216e-03 -6.825771296466139892e-01 1.845226767350704317e-02 -2.393793952424077887e+00 -5.988702403450789531e-03 1.711637232528182340e+00 8.149833134209167884e-01 5.000000000000000104e-03 5.000000000000000104e-03
7.543668849732075403e-03 -6.819994833895868247e-01 1.855593209863910450e-02 -2.394005185357964027e+00 -6.022346798975793981e-03 1.712428473571627752e+00 8.151495221289137838e-01 5.000000000000000104e-03 5.000000000000000104e-03
7.585812251127226589e-03 -6.814218371325596602e-01 1.865959652377116584e-02 -2.394216418291850168e+00 -6.055991194500798432e-03 1.713219714615073164e+00 8.153157308369107792e-01 5.000000000000000104e-03 5.000000000000000104e-03
7.627955652522377776e-03 -6.808441908755324956e-01 1.876326094890323065e-02 -2.394427651225736309e+00 -6.089635590025802882e-03 1.714010955658518576e+00 8.154819395449077746e-01 5.000000000000000104e-03 5.000000000000000104e-03
7.670099053917528963e-03 -6.802665446185053311e-01 1.886692537403529199e-02 -2.394638884159622449e+00 -6.123279985550807332e-03 1.714802196701963988e+00 8.156481482529047700e-01 5.000000000000000104e-03 5.000000000000000104e-03
7.712242455312680149e-03 -6.796888983614781665e-01 1.897058979916735333e-02 -2.394850117093508590e+00 -6.156924381075811782e-03 1.715593437745409400e+00 8.158143569609017653e-01 5.000000000000000104e-03 5.000000000000000104e-03
7.754385856707831336e-03 -6.791112521044510020e-01 1.907425422429941814e-02 -2.395061350027394731e+00 -6.190568776600816232e-03 1.716384678788854812e+00 8.159805656688987607e-01 5.000000000000000104e-03 5.000000000000000104e-03
7.796529258102982522e-03 -6.785336058474238374e-01 1.917791864943148294e-02 -2.395272582961280872e+00 -6.224213172125820683e-03 1.717175919832300224e+00 8.161467743768957561e-01 5.000000000000000104e-03 5.000000000000000104e-03
7.838672659498134576e-03 -6.779559595903966729e-01 1.928158307456354428e-02 -2.395483815895167012e+00 -6.257857567650825133e-03 1.717967160875745636e+00 8.163129830848928625e-01 5.000000000000000104e-03 5.000000000000000104e-03
7.880816060893285763e-03 -6.773783133333695083e-01 1.938524749969560562e-02 -2.395695048829053153e+00 -6.291501963175829583e-03 1.718758401919191048e+00 8.164791917928899689e-01 5.000000000000000104e-03 5.000000000000000104e-03
7.922959462288436949e-03 -6.768006670763423438e-01 1.948891192482767043e-02 -2.395906281762939294e+00 -6.325146358700834033e-03 1.719549642962636460e+00 8.166454005008869643e-01 5.000000000000000104e-03 5.000000000000000104e-03
7.965102863683588136e-03 -6.762230208193151793e-01 1.959257634995973524e-02 -2.396117514696825435e+00 -6.358790754225838483e-03 1.720340884006081872e+00 8.168116092088839597e-01 5.000000000000000104e-03 5.000000000000000104e-03
8.007246265078739322e-03 -6.756453745622880147e-01 1.969624077509179658e-02 -2.396328747630711575e+00 -6.392435149750842933e-03 1.721132125049527284e+00 8.169778179168810661e-01 5.000000000000000104e-03 5.000000000000000104e-03
8.049389666473890509e-03 -6.750677283052608502e-01 1.979990520022385792e-02 -2.396539980564597716e+00 -6.426079545275847384e-03 1.721923366092972696e+00 8.171440266248781725e-01 5.000000000000000104e-03 5.000000000000000104e-03
8.091533067869041695e-03 -6.744900820482336856e-01 1.990356962535592272e-02 -2.396751213498483857e+00 -6.459723940800851834e-03 1.722714607136418108e+00 8.173102353328751679e-01 5.000000000000000104e-03 5.000000000000000104e-03
8.133676469264192882e-03 -6.739124357912065211e-01 2.000723405048798753e-02 -2.396962446432369997e+00 -6.493368336325856284e-03 1.723505848179863520e+00 8.174764440408721633e-01 5.000000000000000104e-03 5.000000000000000104e-03
8.175819870659344069e-03 -6.733347895341793565e-01 2.011089847562004887e-02 -2.397173679366256138e+00 -6.527012731850860734e-03 1.724297089223308932e+00 8.176426527488692697e-01 5.000000000000000104e-03 5.000000000000000104e-03
8.217963272054495255e-03 -6.727571432771521920e-01 2.021456290075211021e-02 -2.397384912300142279e+00 -6.560657127375865184e-03 1.725088330266754344e+00 8.178088614568663761e-01 5.000000000000000104e-03 5.000000000000000104e-03
8.260106673449646442e-03 -6.721794970201250274e-01 2.031822732588417502e-02 -2.397596145234028420e+00 -6.594301522900869635e-03 1.725879571310199756e+00 8.179750701648633715e-01 5.000000000000000104e-03 5.000000000000000104e-03
8.302250074844797628e-03 -6.716018507630978629e-01 2.042189175101623982e-02 -2.397807378167914560e+00 -6.627945918425874085e-03 1.726670812353645168e+00 8.181412788728603669e-01 5.000000000000000104e-03 5.000000000000000104e-03
8.344393476239948815e-03 -6.710242045060706984e-01 2.052555617614830116e-02 -2.398018611101800701e+00 -6.661590313950878535e-03 1.727462053397090580e+00 8.183074875808574733e-01 5.000000000000000104e-03 5.000000000000000104e-03
8.386536877635100001e-03 -6.704465582490435338e-01 2.062922060128036250e-02 -2.398229844035686842e+00 -6.695234709475882985e-03 1.728253294440535992e+00 8.184736962888545797e-01 5.000000000000000104e-03 5.000000000000000104e-03
8.428680279030251188e-03 -6.698689119920164803e-01 2.073288502641242731e-02 -2.398441076969572983e+00 -6.728879105000887435e-03 1.729044535483981626e+00 8.186399049968515751e-01 5.000000000000000104e-03 5.000000000000000104e-03
8.470823680425402374e-03 -6.692912657349894268e-01 2.083654945154449212e-02 -2.398652309903459123e+00 -6.762523500525891886e-03 1.729835776527427260e+00 8.188061137048485705e-01 5.000000000000000104e-03 5.000000000000000104e-03
8.512967081820555296e-03 -6.687136194779622622e-01 2.094021387667655346e-02 -2.398863542837345264e+00 -6.796167896050896336e-03 1.730627017570872672e+00 8.189723224128456769e-01 5.000000000000000104e-03 5.000000000000000104e-03
8.555110483215708217e-03 -6.681359732209350977e-01 2.104387830180861479e-02 -2.399074775771231405e+00 -6.829812291575899919e-03 1.731418258614318084e+00 8.191385311208427833e-01 5.000000000000000104e-03 5.000000000000000104e-03
8.597253884610859404e-03 -6.675583269639080441e-01 2.114754272694067960e-02 -2.399286008705117546e+00 -6.863456687100904369e-03 1.732209499657763718e+00 8.193047398288397787e-01 5.000000000000000104e-03 5.000000000000000104e-03
8.639397286006010590e-03 -6.669806807068808796e-01 2.125120715207274094e-02 -2.399497241639003686e+00 -6.897101082625908819e-03 1.733000740701209130e+00 8.194709485368367741e-01 5.000000000000000104e-03 5.000000000000000104e-03
8.681540687401161777e-03 -6.664030344498537151e-01 2.135487157720480228e-02 -2.399708474572889827e+00 -6.930745478150913269e-03 1.733791981744654542e+00 8.196371572448337695e-01 5.000000000000000104e-03 5.000000000000000104e-03
8.723684088796312963e-03 -6.658253881928265505e-01 2.145853600233686362e-02 -2.399919707506775968e+00 -6.964389873675917719e-03 1.734583222788099954e+00 8.198033659528307648e-01 5.000000000000000104e-03 5.000000000000000104e-03
8.765827490191464150e-03 -6.652477419357993860e-01 2.156220042746892496e-02 -2.400130940440662108e+00 -6.998034269200922169e-03 1.735374463831545366e+00 8.199695746608277602e-01 5.000000000000000104e-03 5.000000000000000104e-03
8.807970891586615336e-03 -6.646700956787722214e-01 2.166586485260098630e-02 -2.400342173374548249e+00 -7.031678664725926620e-03 1.736165704874990778e+00 8.201357833688247556e-01 5.000000000000000104e-03 5.000000000000000104e-03
8.850114292981766523e-03 -6.640924494217450569e-01 2.176952927773304763e-02 -2.400553406308434390e+00 -7.065323060250931070e-03 1.736956945918436190e+00 8.203019920768217510e-01 5.000000000000000104e-03 5.000000000000000104e-03
8.892257694376917709e-03 -6.635148031647178923e-01 2.187319370286510897e-02 -2.400764639242320531e+00 -7.098967455775935520e-03 1.737748186961881602e+00 8.204682007848187464e-01 5.000000000000000104e-03 5.000000000000000104e-03
8.934401095772068896e-03 -6.629371569076907278e-01 2.197685812799717031e-02 -2.400975872176206671e+00 -7.132611851300939970e-03 1.738539428005327014e+00 8.206344094928157418e-01 5.000000000000000104e-03 5.000000000000000104e-03
8.976544497167220082e-03 -6.623595106506635632e-01 2.208052255312923165e-02 -2.401187105110092812e+00 -7.166256246825944420e-03 1.739330669048772426e+00 8.208006182008127372e-01 5.000000000000000104e-03 5.000000000000000104e-03
9.018687898562371269e-03 -6.617818643936363987e-01 2.218418697826129299e-02 -2.401398338043978953e+00 -7.199900642350948871e-03 1.740121910092217838e+00 8.209668269088097325e-01 5.000000000000000104e-03 5.000000000000000104e-03
9.060831299957522456e-03 -6.612042181366092342e-01 2.228785140339335433e-02 -2.401609570977865094e+00 -7.233545037875953321e-03 1.740913151135663250e+00 8.211330356168067279e-01 5.000000000000000104e-03 5.000000000000000104e-03
9.102974701352673642e-03 -6.606265718795820696e-01 2.239151582852541567e-02 -2.401820803911751234e+00 -7.267189433400957771e-03 1.741704392179108662e+00 8.212992443248037233e-01 5.000000000000000104e-03 5.000000000000000104e-03
9.145118102747824829e-03 -6.600489256225549051e-01 2.249518025365747700e-02 -2.402032036845637375e+00 -7.300833828925962221e-03 1.742495633222554074e+00 8.214654530328007187e-01 5.000000000000000104e-03 5.000000000000000104e-03
9.187261504142976015e-03 -6.594712793655277405e-01 2.259884467878953834e-02 -2.402243269779523516e+00 -7.334478224450966671e-03 1.743286874265999487e+00 8.216316617407977141e-01 5.000000000000000104e-03 5.000000000000000104e-03
9.229404905538127202e-03 -6.588936331085005760e-01 2.270250910392159968e-02 -2.402454502713409656e+00 -7.368122619975971122e-03 1.744078115309444899e+00 8.217978704487947095e-01 5.000000000000000104e-03 5.000000000000000104e-03
9.271548306933278388e-03 -6.583159868514734114e-01 2.280617352905366102e-02 -2.402665735647295797e+00 -7.401767015500975572e-03 1.744869356352890311e+00 8.219640791567917049e-01 5.000000000000000104e-03 5.000000000000000104e-03
9.313691708328429575e-03 -6.577383405944462469e-01 2.290983795418572236e-02 -2.402876968581181938e+00 -7.435411411025980022e-03 1.745660597396335723e+00 8.221302878647887002e-01 5.000000000000000104e-03 5.000000000000000104e-03
9.355835109723580761e-03 -6.571606943374190823e-01 2.301350237931778370e-02 -2.403088201515068079e+00 -7.469055806550984472e-03 1.746451838439781135e+00 8.222964965727856956e-01 5.000000000000000104e-03 5.000000000000000104e-03
9.397978511118731948e-03 -6.565830480803919178e-01 2.311716680444984504e-02 -2.403299434448954219e+00 -7.502700202075988922e-03 1.747243079483226547e+00 8.224627052807826910e-01 5.000000000000000104e-03 5.000000000000000104e-03
9.440121912513883135e-03 -6.560054018233647533e-01 2.322083122958190637e-02 -2.403510667382840360e+00 -7.536344597600993372e-03 1.748034320526671959e+00 8.226289139887796864e-01 5.000000000000000104e-03 5.000000000000000104e-03
9.482265313909034321e-03 -6.554277555663375887e-01 2.332449565471396771e-02 -2.403721900316726501e+00 -7.569988993125997823e-03 1.748825561570117371e+00 8.227951226967766818e-01 5.000000000000000104e-03 5.000000000000000104e-03
9.524408715304185508e-03 -6.548501093093104242e-01 2.342816007984602905e-02 -2.403933133250612642e+00 -7.603633388651002273e-03 1.749616802613562783e+00 8.229613314047736772e-01 5.000000000000000104e-03 5.000000000000000104e-03
9.566552116699336694e-03 -6.542724630522832596e-01 2.353182450497809039e-02 -2.404144366184498782e+00 -7.637277784176006723e-03 1.750408043657008195e+00 8.231275401127706726e-01 5.000000000000000104e-03 5.000000000000000104e-03
9.608695518094487881e-03 -6.536948167952560951e-01 2.363548893011015173e-02 -2.404355599118384923e+00 -7.670922179701011173e-03 1.751199284700453607e+00 8.232937488207676680e-01 5.000000000000000104e-03 5.000000000000000104e-03
9.650838919489639067e-03 -6.531171705382289305e-01 2.373915335524221307e-02 -2.404566832052271064e+00 -7.704566575226015623e-03 1.751990525743899019e+00 8.234599575287646633e-01 5.000000000000000104e-03 5.000000000000000104e-03
9.692982320884790254e-03 -6.525395242812017660e-01 2.384281778037427441e-02 -2.404778064986157204e+00 -7.738210970751020074e-03 1.752781766787344431e+00 8.236261662367616587e-01 5.000000000000000104e-03 5.000000000000000104e-03
9.735125722279941440e-03 -6.519618780241746014e-01 2.394648220550633574e-02 -2.404989297920043345e+00 -7.771855366276024524e-03 1.753573007830789843e+00 8.237923749447586541e-01 5.000000000000000104e-03 5.000000000000000104e-03
9.777269123675092627e-03 -6.513842317671474369e-01 2.405014663063839708e-02 -2.405200530853929486e+00 -7.805499761801028974e-03 1.754364248874235255e+00 8.239585836527556495e-01 5.000000000000000104e-03 5.000000000000000104e-03
9.819412525070243813e-03 -6.508065855101202724e-01 2.415381105577045842e-02 -2.405411763787815627e+00 -7.839144157326033424e-03 1.755155489917680667e+00 8.241247923607526449e-01 5.000000000000000104e-03 5.000000000000000104e-03
9.861555926465395000e-03 -6.502289392530931078e-01 2.425747548090251976e-02 -2.405622996721701767e+00 -7.872788552851037874e-03 1.755946730961126079e+00 8.242910010687496403e-01 5.000000000000000104e-03 5.000000000000000104e-03
9.903699327860546187e-03 -6.496512929960659433e-01 2.436113990603458457e-02 -2.405834229655587908e+00 -7.906432948376042325e-03 1.756737972004571491e+00 8.244572097767466357e-01 5.000000000000000104e-03 5.000000000000000104e-03
9.945842729255697373e-03 -6.490736467390387787e-01 2.446480433116664938e-02 -2.406045462589474049e+00 -7.940077343901046775e-03 1.757529213048016903e+00 8.246234184847436310e-01 5.000000000000000104e-03 5.000000000000000104e-03
9.987986130650848560e-03 -6.484960004820116142e-01 2.456846875629871071e-02 -2.406256695523360190e+00 -7.973721739426051225e-03 1.758320454091462315e+00 8.247896271927407374e-01 5.000000000000000104e-03 5.000000000000000104e-03
1.003012953204599975e-02 -6.479183542249844496e-01 2.467213318143077205e-02 -2.406467928457246330e+00 -8.007366134951055675e-03 1.759111695134907727e+00 8.249558359007378439e-01 5.000000000000000104e-03 5.000000000000000104e-03
1.007227293344115093e-02 -6.473407079679572851e-01 2.477579760656283686e-02 -2.406679161391132471e+00 -8.041010530476060125e-03 1.759902936178353139e+00 8.251220446087348392e-01 5.000000000000000104e-03 5.000000000000000104e-03
1.011441633483630212e-02 -6.467630617109301205e-01 2.487946203169490167e-02 -2.406890394325018612e+00 -8.074654926001064575e-03 1.760694177221798551e+00 8.252882533167318346e-01 5.000000000000000104e-03 5.000000000000000104e-03
1.015655973623145331e-02 -6.461854154539029560e-01 2.498312645682696301e-02 -2.407101627258904752e+00 -8.108299321526069026e-03 1.761485418265243963e+00 8.254544620247289410e-01 5.000000000000000104e-03 5.000000000000000104e-03
1.019870313762660449e-02 -6.456077691968757915e-01 2.508679088195902435e-02 -2.407312860192790893e+00 -8.141943717051073476e-03 1.762276659308689375e+00 8.256206707327260474e-01 5.000000000000000104e-03 5.000000000000000104e-03
1.024084653902175568e-02 -6.450301229398486269e-01 2.519045530709108915e-02 -2.407524093126677034e+00 -8.175588112576077926e-03 1.763067900352134787e+00 8.257868794407230428e-01 5.000000000000000104e-03 5.000000000000000104e-03
1.028298994041690687e-02 -6.444524766828214624e-01 2.529411973222315396e-02 -2.407735326060563175e+00 -8.209232508101082376e-03 1.763859141395580199e+00 8.259530881487200382e-01 5.000000000000000104e-03 5.000000000000000104e-03
1.032513334181205805e-02 -6.438748304257942978e-01 2.539778415735521530e-02 -2.407946558994449315e+00 -8.242876903626086826e-03 1.764650382439025611e+00 8.261192968567171446e-01 5.000000000000000104e-03 5.000000000000000104e-03
1.036727674320720924e-02 -6.432971841687671333e-01 2.550144858248727664e-02 -2.408157791928335456e+00 -8.276521299151091277e-03 1.765441623482471023e+00 8.262855055647142510e-01 5.000000000000000104e-03 5.000000000000000104e-03
1.040942014460236043e-02 -6.427195379117399687e-01 2.560511300761934145e-02 -2.408369024862221597e+00 -8.310165694676095727e-03 1.766232864525916435e+00 8.264517142727112464e-01 5.000000000000000104e-03 5.000000000000000104e-03
1.045156354599751161e-02 -6.421418916547128042e-01 2.570877743275140626e-02 -2.408580257796107738e+00 -8.343810090201100177e-03 1.767024105569361847e+00 8.266179229807082418e-01 5.000000000000000104e-03 5.000000000000000104e-03
1.049370694739266280e-02 -6.415642453976856396e-01 2.581244185788346759e-02 -2.408791490729993878e+00 -8.377454485726104627e-03 1.767815346612807259e+00 8.267841316887053482e-01 5.000000000000000104e-03 5.000000000000000104e-03
1.053585034878781398e-02 -6.409865991406584751e-01 2.591610628301552893e-02 -2.409002723663880019e+00 -8.411098881251109077e-03 1.768606587656252671e+00 8.269503403967024546e-01 5.000000000000000104e-03 5.000000000000000104e-03
1.057799375018296517e-02 -6.404089528836314216e-01 2.601977070814759374e-02 -2.409213956597766160e+00 -8.444743276776113527e-03 1.769397828699698305e+00 8.271165491046994500e-01 5.000000000000000104e-03 5.000000000000000104e-03
1.062013715157811636e-02 -6.398313066266043680e-01 2.612343513327965855e-02 -2.409425189531652300e+00 -8.478387672301117978e-03 1.770189069743143939e+00 8.272827578126964454e-01 5.000000000000000104e-03 5.000000000000000104e-03
1.066228055297326928e-02 -6.392536603695772035e-01 2.622709955841171989e-02 -2.409636422465538441e+00 -8.512032067826122428e-03 1.770980310786589351e+00 8.274489665206935518e-01 5.000000000000000104e-03 5.000000000000000104e-03
1.070442395436842220e-02 -6.386760141125500390e-01 2.633076398354378123e-02 -2.409847655399424582e+00 -8.545676463351126878e-03 1.771771551830034763e+00 8.276151752286906582e-01 5.000000000000000104e-03 5.000000000000000104e-03
1.074656735576357339e-02 -6.380983678555229854e-01 2.643442840867584603e-02 -2.410058888333310723e+00 -8.579320858876129594e-03 1.772562792873480397e+00 8.277813839366876536e-01 5.000000000000000104e-03 5.000000000000000104e-03
1.078871075715872457e-02 -6.375207215984958209e-01 2.653809283380790737e-02 -2.410270121267196863e+00 -8.612965254401134044e-03 1.773354033916925809e+00 8.279475926446846490e-01 5.000000000000000104e-03 5.000000000000000104e-03
1.083085415855387576e-02 -6.369430753414686563e-01 2.664175725893996871e-02 -2.410481354201083004e+00 -8.646609649926138494e-03 1.774145274960371221e+00 8.281138013526816444e-01 5.000000000000000104e-03 5.000000000000000104e-03
1.087299755994902695e-02 -6.363654290844414918e-01 2.674542168407203005e-02 -2.410692587134969145e+00 -8.680254045451142944e-03 1.774936516003816633e+00 8.282800100606786398e-01 5.000000000000000104e-03 5.000000000000000104e-03
1.091514096134417813e-02 -6.357877828274143273e-01 2.684908610920409139e-02 -2.410903820068855286e+00 -8.713898440976147394e-03 1.775727757047262045e+00 8.284462187686756351e-01 5.000000000000000104e-03 5.000000000000000104e-03
1.095728436273932932e-02 -6.352101365703871627e-01 2.695275053433615273e-02 -2.411115053002741426e+00 -8.747542836501151844e-03 1.776518998090707457e+00 8.286124274766726305e-01 5.000000000000000104e-03 5.000000000000000104e-03
1.099942776413448051e-02 -6.346324903133599982e-01 2.705641495946821407e-02 -2.411326285936627567e+00 -8.781187232026156295e-03 1.777310239134152869e+00 8.287786361846696259e-01 5.000000000000000104e-03 5.000000000000000104e-03
1.104157116552963169e-02 -6.340548440563328336e-01 2.716007938460027540e-02 -2.411537518870513708e+00 -8.814831627551160745e-03 1.778101480177598281e+00 8.289448448926666213e-01 5.000000000000000104e-03 5.000000000000000104e-03
1.108371456692478288e-02 -6.334771977993056691e-01 2.726374380973233674e-02 -2.411748751804399848e+00 -8.848476023076165195e-03 1.778892721221043693e+00 8.291110536006636167e-01 5.000000000000000104e-03 5.000000000000000104e-03
1.112585796831993407e-02 -6.328995515422785045e-01 2.736740823486439808e-02 -2.411959984738285989e+00 -8.882120418601169645e-03 1.779683962264489105e+00 8.292772623086606121e-01 5.000000000000000104e-03 5.000000000000000104e-03
1.116800136971508525e-02 -6.323219052852513400e-01 2.747107265999645942e-02 -2.412171217672172130e+00 -8.915764814126174095e-03 1.780475203307934517e+00 8.294434710166576075e-01 5.000000000000000104e-03 5.000000000000000104e-03
1.121014477111023644e-02 -6.317442590282241754e-01 2.757473708512852076e-02 -2.412382450606058271e+00 -8.949409209651178546e-03 1.781266444351379930e+00 8.296096797246546029e-01 5.000000000000000104e-03 5.000000000000000104e-03
1.125228817250538763e-02 -6.311666127711970109e-01 2.767840151026058210e-02 -2.412593683539944411e+00 -8.983053605176182996e-03 1.782057685394825342e+00 8.297758884326515982e-01 5.000000000000000104e-03 5.000000000000000104e-03
1.129443157390053881e-02 -6.305889665141698464e-01 2.778206593539264344e-02 -2.412804916473830552e+00 -9.016698000701187446e-03 1.782848926438270754e+00 8.299420971406485936e-01 5.000000000000000104e-03 5.000000000000000104e-03
1.133657497529569000e-02 -6.300113202571426818e-01 2.788573036052470477e-02 -2.413016149407716693e+00 -9.050342396226191896e-03 1.783640167481716166e+00 8.301083058486455890e-01 5.000000000000000104e-03 5.000000000000000104e-03
1.137871837669084119e-02 -6.294336740001155173e-01 2.798939478565676611e-02 -2.413227382341602834e+00 -9.083986791751196346e-03 1.784431408525161578e+00 8.302745145566425844e-01 5.000000000000000104e-03 5.000000000000000104e-03
1.142086177808599237e-02 -6.288560277430883527e-01 2.809305921078882745e-02 -2.413438615275488974e+00 -9.117631187276200797e-03 1.785222649568606990e+00 8.304407232646395798e-01 5.000000000000000104e-03 5.000000000000000104e-03
1.146300517948114356e-02 -6.282783814860611882e-01 2.819672363592088879e-02 -2.413649848209375115e+00 -9.151275582801205247e-03 1.786013890612052402e+00 8.306069319726365752e-01 5.000000000000000104e-03 5.000000000000000104e-03
1.150514858087629474e-02 -6.277007352290340236e-01 2.830038806105295013e-02 -2.413861081143261256e+00 -9.184919978326209697e-03 1.786805131655497814e+00 8.307731406806335706e-01 5.000000000000000104e-03 5.000000000000000104e-03
1.154729198227144593e-02 -6.271230889720068591e-01 2.840405248618501147e-02 -2.414072314077147396e+00 -9.218564373851214147e-03 1.787596372698943226e+00 8.309393493886305659e-01 5.000000000000000104e-03 5.000000000000000104e-03
1.158943538366659712e-02 -6.265454427149796945e-01 2.850771691131707281e-02 -2.414283547011033537e+00 -9.252208769376218597e-03 1.788387613742388638e+00 8.311055580966275613e-01 5.000000000000000104e-03 5.000000000000000104e-03
1.163157878506174830e-02 -6.259677964579525300e-01 2.861138133644913414e-02 -2.414494779944919678e+00 -9.285853164901223047e-03 1.789178854785834050e+00 8.312717668046245567e-01 5.000000000000000104e-03 5.000000000000000104e-03
1.167372218645689949e-02 -6.253901502009253655e-01 2.871504576158119548e-02 -2.414706012878805819e+00 -9.319497560426227498e-03 1.789970095829279462e+00 8.314379755126215521e-01 5.000000000000000104e-03 5.000000000000000104e-03
1.171586558785205068e-02 -6.248125039438982009e-01 2.881871018671325682e-02 -2.414917245812691959e+00 -9.353141955951231948e-03 1.790761336872724874e+00 8.316041842206185475e-01 5.000000000000000104e-03 5.000000000000000104e-03
1.175800898924720186e-02 -6.242348576868710364e-01 2.892237461184531816e-02 -2.415128478746578100e+00 -9.386786351476236398e-03 1.791552577916170286e+00 8.317703929286155429e-01 5.000000000000000104e-03 5.000000000000000104e-03
1.180015239064235305e-02 -6.236572114298438718e-01 2.902603903697737950e-02 -2.415339711680464241e+00 -9.420430747001240848e-03 1.792343818959615698e+00 8.319366016366125383e-01 5.000000000000000104e-03 5.000000000000000104e-03
1.184229579203750424e-02 -6.230795651728167073e-01 2.912970346210944084e-02 -2.415550944614350382e+00 -9.454075142526245298e-03 1.793135060003061110e+00 8.321028103446095336e-01 5.000000000000000104e-03 5.000000000000000104e-03
1.188443919343265542e-02 -6.225019189157895427e-01 2.923336788724150218e-02 -2.415762177548236522e+00 -9.487719538051249749e-03 1.793926301046506522e+00 8.322690190526065290e-01 5.000000000000000104e-03 5.000000000000000104e-03
1.192658259482780661e-02 -6.219242726587623782e-01 2.933703231237356351e-02 -2.415973410482122663e+00 -9.521363933576254199e-03 1.794717542089951934e+00 8.324352277606035244e-01 5.000000000000000104e-03 5.000000000000000104e-03
1.196872599622295780e-02 -6.213466264017352136e-01 2.944069673750562485e-02 -2.416184643416008804e+00 -9.555008329101258649e-03 1.795508783133397346e+00 8.326014364686005198e-01 5.000000000000000104e-03 5.000000000000000104e-03
1.201086939761810898e-02 -6.207689801447080491e-01 2.954436116263768619e-02 -2.416395876349894944e+00 -9.588652724626263099e-03 1.796300024176842758e+00 8.327676451765975152e-01 5.000000000000000104e-03 5.000000000000000104e-03
1.205301279901326017e-02 -6.201913338876808846e-01 2.964802558776975100e-02 -2.416607109283781085e+00 -9.622297120151267549e-03 1.797091265220288170e+00 8.329338538845945106e-01 5.000000000000000104e-03 5.000000000000000104e-03
1.209515620040841136e-02 -6.196136876306537200e-01 2.975169001290181581e-02 -2.416818342217667226e+00 -9.655941515676272000e-03 1.797882506263733582e+00 8.331000625925915060e-01 5.000000000000000104e-03 5.000000000000000104e-03
1.213729960180356254e-02 -6.190360413736265555e-01 2.985535443803387715e-02 -2.417029575151553367e+00 -9.689585911201276450e-03 1.798673747307178994e+00 8.332662713005886124e-01 5.000000000000000104e-03 5.000000000000000104e-03
1.217944300319871373e-02 -6.184583951165993909e-01 2.995901886316593848e-02 -2.417240808085439507e+00 -9.723230306726280900e-03 1.799464988350624406e+00 8.334324800085857188e-01 5.000000000000000104e-03 5.000000000000000104e-03
1.222158640459386492e-02 -6.178807488595722264e-01 3.006268328829800329e-02 -2.417452041019325648e+00 -9.756874702251285350e-03 1.800256229394069818e+00 8.335986887165827142e-01 5.000000000000000104e-03 5.000000000000000104e-03
1.226372980598901610e-02 -6.173031026025450618e-01 3.016634771343006810e-02 -2.417663273953211789e+00 -9.790519097776289800e-03 1.801047470437515230e+00 8.337648974245797096e-01 5.000000000000000104e-03 5.000000000000000104e-03
1.230587320738416729e-02 -6.167254563455178973e-01 3.027001213856212944e-02 -2.417874506887097930e+00 -9.824163493301294250e-03 1.801838711480960642e+00 8.339311061325768160e-01 5.000000000000000104e-03 5.000000000000000104e-03
1.234801660877931848e-02 -6.161478100884907327e-01 3.037367656369419078e-02 -2.418085739820984070e+00 -9.857807888826298701e-03 1.802629952524406054e+00 8.340973148405739224e-01 5.000000000000000104e-03 5.000000000000000104e-03
1.239016001017446966e-02 -6.155701638314635682e-01 3.047734098882625559e-02 -2.418296972754870211e+00 -9.891452284351303151e-03 1.803421193567851466e+00 8.342635235485709178e-01 5.000000000000000104e-03 5.000000000000000104e-03
1.243230341156962085e-02 -6.149925175744364036e-01 3.058100541395832039e-02 -2.418508205688756352e+00 -9.925096679876307601e-03 1.804212434611296878e+00 8.344297322565679131e-01 5.000000000000000104e-03 5.000000000000000104e-03
1.247444681296477204e-02 -6.144148713174092391e-01 3.068466983909038173e-02 -2.418719438622642492e+00 -9.958741075401312051e-03 1.805003675654742290e+00 8.345959409645650195e-01 5.000000000000000104e-03 5.000000000000000104e-03
1.251659021435992322e-02 -6.138372250603820746e-01 3.078833426422244307e-02 -2.418930671556528633e+00 -9.992385470926316501e-03 1.805794916698187702e+00 8.347621496725621260e-01 5.000000000000000104e-03 5.000000000000000104e-03
1.255873361575507441e-02 -6.132595788033549100e-01 3.089199868935450788e-02 -2.419141904490414774e+00 -1.002602986645132095e-02 1.806586157741633114e+00 8.349283583805591213e-01 5.000000000000000104e-03 5.000000000000000104e-03
1.260087701715022560e-02 -6.126819325463277455e-01 3.099566311448657269e-02 -2.419353137424300915e+00 -1.005967426197632540e-02 1.807377398785078526e+00 8.350945670885561167e-01 5.000000000000000104e-03 5.000000000000000104e-03
1.264302041854537678e-02 -6.121042862893005809e-01 3.109932753961863403e-02 -2.419564370358187055e+00 -1.009331865750132985e-02 1.808168639828524160e+00 8.352607757965532231e-01 5.000000000000000104e-03 5.000000000000000104e-03
1.268516381994052797e-02 -6.115266400322734164e-01 3.120299196475069536e-02 -2.419775603292073196e+00 -1.012696305302633430e-02 1.808959880871969794e+00 8.354269845045503295e-01 5.000000000000000104e-03 5.000000000000000104e-03
1.272730722133568089e-02 -6.109489937752463629e-01 3.130665638988276017e-02 -2.419986836225959337e+00 -1.016060744855133875e-02 1.809751121915415206e+00 8.355931932125473249e-01 5.000000000000000104e-03 5.000000000000000104e-03
1.276945062273083381e-02 -6.103713475182193093e-01 3.141032081501482498e-02 -2.420198069159845478e+00 -1.019425184407634320e-02 1.810542362958860618e+00 8.357594019205443203e-01 5.000000000000000104e-03 5.000000000000000104e-03
1.281159402412598500e-02 -6.097937012611921448e-01 3.151398524014688979e-02 -2.420409302093731618e+00 -1.022789623960134765e-02 1.811333604002306252e+00 8.359256106285414267e-01 5.000000000000000104e-03 5.000000000000000104e-03
1.285373742552113618e-02 -6.092160550041649802e-01 3.161764966527895460e-02 -2.420620535027617759e+00 -1.026154063512635037e-02 1.812124845045751886e+00 8.360918193365385331e-01 5.000000000000000104e-03 5.000000000000000104e-03
1.289588082691628911e-02 -6.086384087471379267e-01 3.172131409041101247e-02 -2.420831767961503900e+00 -1.029518503065135482e-02 1.812916086089197298e+00 8.362580280445355285e-01 5.000000000000000104e-03 5.000000000000000104e-03
1.293802422831144029e-02 -6.080607624901107622e-01 3.182497851554307727e-02 -2.421043000895390040e+00 -1.032882942617635927e-02 1.813707327132642710e+00 8.364242367525325239e-01 5.000000000000000104e-03 5.000000000000000104e-03
1.298016762970659148e-02 -6.074831162330835976e-01 3.192864294067514208e-02 -2.421254233829276181e+00 -1.036247382170136372e-02 1.814498568176088122e+00 8.365904454605295193e-01 5.000000000000000104e-03 5.000000000000000104e-03
1.302231103110174266e-02 -6.069054699760564331e-01 3.203230736580720689e-02 -2.421465466763162322e+00 -1.039611821722636817e-02 1.815289809219533534e+00 8.367566541685265147e-01 5.000000000000000104e-03 5.000000000000000104e-03
1.306445443249689385e-02 -6.063278237190292685e-01 3.213597179093927170e-02 -2.421676699697048463e+00 -1.042976261275137262e-02 1.816081050262978946e+00 8.369228628765235101e-01 5.000000000000000104e-03 5.000000000000000104e-03
1.310659783389204504e-02 -6.057501774620021040e-01 3.223963621607133651e-02 -2.421887932630934603e+00 -1.046340700827637707e-02 1.816872291306424358e+00 8.370890715845205055e-01 5.000000000000000104e-03 5.000000000000000104e-03
1.314874123528719622e-02 -6.051725312049749395e-01 3.234330064120340131e-02 -2.422099165564820744e+00 -1.049705140380138152e-02 1.817663532349869770e+00 8.372552802925175008e-01 5.000000000000000104e-03 5.000000000000000104e-03
1.319088463668234741e-02 -6.045948849479477749e-01 3.244696506633546612e-02 -2.422310398498706885e+00 -1.053069579932638597e-02 1.818454773393315183e+00 8.374214890005144962e-01 5.000000000000000104e-03 5.000000000000000104e-03
1.323302803807749860e-02 -6.040172386909206104e-01 3.255062949146753093e-02 -2.422521631432593026e+00 -1.056434019485139042e-02 1.819246014436760595e+00 8.375876977085114916e-01 5.000000000000000104e-03 5.000000000000000104e-03
1.327517143947264978e-02 -6.034395924338934458e-01 3.265429391659959574e-02 -2.422732864366479166e+00 -1.059798459037639487e-02 1.820037255480206007e+00 8.377539064165084870e-01 5.000000000000000104e-03 5.000000000000000104e-03
1.331731484086780097e-02 -6.028619461768662813e-01 3.275795834173166055e-02 -2.422944097300365307e+00 -1.063162898590139932e-02 1.820828496523651419e+00 8.379201151245054824e-01 5.000000000000000104e-03 5.000000000000000104e-03
1.335945824226295216e-02 -6.022842999198391167e-01 3.286162276686372535e-02 -2.423155330234251448e+00 -1.066527338142640377e-02 1.821619737567096831e+00 8.380863238325024778e-01 5.000000000000000104e-03 5.000000000000000104e-03
1.340160164365810334e-02 -6.017066536628119522e-01 3.296528719199579016e-02 -2.423366563168137588e+00 -1.069891777695140822e-02 1.822410978610542243e+00 8.382525325404994732e-01 5.000000000000000104e-03 5.000000000000000104e-03
1.344374504505325453e-02 -6.011290074057847876e-01 3.306895161712785497e-02 -2.423577796102023729e+00 -1.073256217247641267e-02 1.823202219653987655e+00 8.384187412484964685e-01 5.000000000000000104e-03 5.000000000000000104e-03
1.348588844644840572e-02 -6.005513611487576231e-01 3.317261604225991978e-02 -2.423789029035909870e+00 -1.076620656800141712e-02 1.823993460697433067e+00 8.385849499564934639e-01 5.000000000000000104e-03 5.000000000000000104e-03
1.352803184784355690e-02 -5.999737148917304586e-01 3.327628046739197765e-02 -2.424000261969796011e+00 -1.079985096352642157e-02 1.824784701740878479e+00 8.387511586644904593e-01 5.000000000000000104e-03 5.000000000000000104e-03
1.357017524923870809e-02 -5.993960686347032940e-01 3.337994489252403552e-02 -2.424211494903682151e+00 -1.083349535905142602e-02 1.825575942784323891e+00 8.389173673724874547e-01 5.000000000000000104e-03 5.000000000000000104e-03
1.361231865063385928e-02 -5.988184223776761295e-01 3.348360931765610032e-02 -2.424422727837568292e+00 -1.086713975457643047e-02 1.826367183827769303e+00 8.390835760804844501e-01 5.000000000000000104e-03 5.000000000000000104e-03
1.365446205202901046e-02 -5.982407761206489649e-01 3.358727374278816513e-02 -2.424633960771454433e+00 -1.090078415010143492e-02 1.827158424871214715e+00 8.392497847884814455e-01 5.000000000000000104e-03 5.000000000000000104e-03
1.369660545342416165e-02 -5.976631298636218004e-01 3.369093816792022300e-02 -2.424845193705340574e+00 -1.093442854562643937e-02 1.827949665914660127e+00 8.394159934964784409e-01 5.000000000000000104e-03 5.000000000000000104e-03
1.373874885481931284e-02 -5.970854836065946358e-01 3.379460259305228087e-02 -2.425056426639226714e+00 -1.096807294115144382e-02 1.828740906958105539e+00 8.395822022044754362e-01 5.000000000000000104e-03 5.000000000000000104e-03
1.378089225621446402e-02 -5.965078373495674713e-01 3.389826701818434568e-02 -2.425267659573112855e+00 -1.100171733667644827e-02 1.829532148001550951e+00 8.397484109124724316e-01 5.000000000000000104e-03 5.000000000000000104e-03
1.382303565760961521e-02 -5.959301910925403067e-01 3.400193144331641049e-02 -2.425478892506998996e+00 -1.103536173220145272e-02 1.830323389044996363e+00 8.399146196204694270e-01 5.000000000000000104e-03 5.000000000000000104e-03
1.386517905900476640e-02 -5.953525448355131422e-01 3.410559586844846836e-02 -2.425690125440885136e+00 -1.106900612772645717e-02 1.831114630088441775e+00 8.400808283284664224e-01 5.000000000000000104e-03 5.000000000000000104e-03
1.390732246039991758e-02 -5.947748985784859777e-01 3.420926029358052622e-02 -2.425901358374771277e+00 -1.110265052325146162e-02 1.831905871131887187e+00 8.402470370364634178e-01 5.000000000000000104e-03 5.000000000000000104e-03
1.394946586179506877e-02 -5.941972523214588131e-01 3.431292471871259103e-02 -2.426112591308657418e+00 -1.113629491877646607e-02 1.832697112175332599e+00 8.404132457444604132e-01 5.000000000000000104e-03 5.000000000000000104e-03
1.399160926319021996e-02 -5.936196060644316486e-01 3.441658914384465584e-02 -2.426323824242543559e+00 -1.116993931430147052e-02 1.833488353218778011e+00 8.405794544524574086e-01 5.000000000000000104e-03 5.000000000000000104e-03
1.403375266458537114e-02 -5.930419598074044840e-01 3.452025356897671371e-02 -2.426535057176429699e+00 -1.120358370982647497e-02 1.834279594262223423e+00 8.407456631604544040e-01 5.000000000000000104e-03 5.000000000000000104e-03
1.407589606598052233e-02 -5.924643135503773195e-01 3.462391799410877158e-02 -2.426746290110315840e+00 -1.123722810535147942e-02 1.835070835305668835e+00 8.409118718684513993e-01 5.000000000000000104e-03 5.000000000000000104e-03
1.411803946737567352e-02 -5.918866672933501549e-01 3.472758241924083639e-02 -2.426957523044201981e+00 -1.127087250087648387e-02 1.835862076349114247e+00 8.410780805764483947e-01 5.000000000000000104e-03 5.000000000000000104e-03
1.416018286877082470e-02 -5.913090210363229904e-01 3.483124684437290119e-02 -2.427168755978088122e+00 -1.130451689640148832e-02 1.836653317392559659e+00 8.412442892844453901e-01 5.000000000000000104e-03 5.000000000000000104e-03
1.420232627016597589e-02 -5.907313747792958258e-01 3.493491126950495906e-02 -2.427379988911974262e+00 -1.133816129192649277e-02 1.837444558436005071e+00 8.414104979924423855e-01 5.000000000000000104e-03 5.000000000000000104e-03
1.424446967156112707e-02 -5.901537285222686613e-01 3.503857569463701693e-02 -2.427591221845860403e+00 -1.137180568745149722e-02 1.838235799479450483e+00 8.415767067004393809e-01 5.000000000000000104e-03 5.000000000000000104e-03
1.428661307295627826e-02 -5.895760822652414967e-01 3.514224011976908174e-02 -2.427802454779746544e+00 -1.140545008297650167e-02 1.839027040522895895e+00 8.417429154084364873e-01 5.000000000000000104e-03 5.000000000000000104e-03
1.432875647435142945e-02 -5.889984360082143322e-01 3.524590454490114655e-02 -2.428013687713632685e+00 -1.143909447850150612e-02 1.839818281566341307e+00 8.419091241164335937e-01 5.000000000000000104e-03 5.000000000000000104e-03
1.437089987574658063e-02 -5.884207897511871677e-01 3.534956897003320442e-02 -2.428224920647518825e+00 -1.147273887402651057e-02 1.840609522609786719e+00 8.420753328244305891e-01 5.000000000000000104e-03 5.000000000000000104e-03
1.441304327714173182e-02 -5.878431434941600031e-01 3.545323339516526229e-02 -2.428436153581404966e+00 -1.150638326955151503e-02 1.841400763653232131e+00 8.422415415324275845e-01 5.000000000000000104e-03 5.000000000000000104e-03
1.445518667853688301e-02 -5.872654972371328386e-01 3.555689782029732710e-02 -2.428647386515291107e+00 -1.154002766507651948e-02 1.842192004696677543e+00 8.424077502404246909e-01 5.000000000000000104e-03 5.000000000000000104e-03
1.449733007993203419e-02 -5.866878509801056740e-01 3.566056224542939190e-02 -2.428858619449177247e+00 -1.157367206060152393e-02 1.842983245740122955e+00 8.425739589484217973e-01 5.000000000000000104e-03 5.000000000000000104e-03
1.453947348132718538e-02 -5.861102047230785095e-01 3.576422667056144977e-02 -2.429069852383063388e+00 -1.160731645612652838e-02 1.843774486783568367e+00 8.427401676564187927e-01 5.000000000000000104e-03 5.000000000000000104e-03
1.458161688272233657e-02 -5.855325584660513449e-01 3.586789109569350764e-02 -2.429281085316949529e+00 -1.164096085165153283e-02 1.844565727827013779e+00 8.429063763644157881e-01 5.000000000000000104e-03 5.000000000000000104e-03
1.462376028411748775e-02 -5.849549122090241804e-01 3.597155552082557245e-02 -2.429492318250835670e+00 -1.167460524717653728e-02 1.845356968870459191e+00 8.430725850724128945e-01 5.000000000000000104e-03 5.000000000000000104e-03
1.466590368551263894e-02 -5.843772659519970158e-01 3.607521994595763726e-02 -2.429703551184721810e+00 -1.170824964270154173e-02 1.846148209913904603e+00 8.432387937804100009e-01 5.000000000000000104e-03 5.000000000000000104e-03
1.470804708690779013e-02 -5.837996196949698513e-01 3.617888437108969513e-02 -2.429914784118607951e+00 -1.174189403822654618e-02 1.846939450957350015e+00 8.434050024884069963e-01 5.000000000000000104e-03 5.000000000000000104e-03
1.475019048830294131e-02 -5.832219734379426868e-01 3.628254879622175300e-02 -2.430126017052494092e+00 -1.177553843375155063e-02 1.847730692000795649e+00 8.435712111964039917e-01 5.000000000000000104e-03 5.000000000000000104e-03
1.479233388969809250e-02 -5.826443271809155222e-01 3.638621322135381780e-02 -2.430337249986380233e+00 -1.180918282927655508e-02 1.848521933044241061e+00 8.437374199044010981e-01 5.000000000000000104e-03 5.000000000000000104e-03
1.483447729109324542e-02 -5.820666809238883577e-01 3.648987764648588261e-02 -2.430548482920266373e+00 -1.184282722480155953e-02 1.849313174087686473e+00 8.439036286123982045e-01 5.000000000000000104e-03 5.000000000000000104e-03
1.487662069248839661e-02 -5.814890346668613041e-01 3.659354207161794048e-02 -2.430759715854152514e+00 -1.187647162032656398e-02 1.850104415131132107e+00 8.440698373203951999e-01 5.000000000000000104e-03 5.000000000000000104e-03
1.491876409388354779e-02 -5.809113884098342506e-01 3.669720649674999835e-02 -2.430970948788038655e+00 -1.191011601585156843e-02 1.850895656174577741e+00 8.442360460283921952e-01 5.000000000000000104e-03 5.000000000000000104e-03
1.496090749527870072e-02 -5.803337421528070861e-01 3.680087092188206316e-02 -2.431182181721924795e+00 -1.194376041137657288e-02 1.851686897218023153e+00 8.444022547363893016e-01 5.000000000000000104e-03 5.000000000000000104e-03
1.500305089667385364e-02 -5.797560958957799215e-01 3.690453534701412797e-02 -2.431393414655810936e+00 -1.197740480690157733e-02 1.852478138261468565e+00 8.445684634443864081e-01 5.000000000000000104e-03 5.000000000000000104e-03
1.504519429806900482e-02 -5.791784496387528680e-01 3.700819977214618584e-02 -2.431604647589697077e+00 -1.201104920242658178e-02 1.853269379304914199e+00 8.447346721523834034e-01 5.000000000000000104e-03 5.000000000000000104e-03
1.508733769946415601e-02 -5.786008033817257035e-01 3.711186419727825064e-02 -2.431815880523583218e+00 -1.204469359795158623e-02 1.854060620348359611e+00 8.449008808603803988e-01 5.000000000000000104e-03 5.000000000000000104e-03
1.512948110085930720e-02 -5.780231571246985389e-01 3.721552862241031545e-02 -2.432027113457469358e+00 -1.207833799347659068e-02 1.854851861391805024e+00 8.450670895683773942e-01 5.000000000000000104e-03 5.000000000000000104e-03
1.517162450225445838e-02 -5.774455108676713744e-01 3.731919304754238026e-02 -2.432238346391355499e+00 -1.211198238900159513e-02 1.855643102435250436e+00 8.452332982763743896e-01 5.000000000000000104e-03 5.000000000000000104e-03
1.521376790364960957e-02 -5.768678646106442098e-01 3.742285747267444507e-02 -2.432449579325241640e+00 -1.214562678452659958e-02 1.856434343478695848e+00 8.453995069843713850e-01 5.000000000000000104e-03 5.000000000000000104e-03
1.525591130504476076e-02 -5.762902183536170453e-01 3.752652189780650988e-02 -2.432660812259127781e+00 -1.217927118005160403e-02 1.857225584522141260e+00 8.455657156923683804e-01 5.000000000000000104e-03 5.000000000000000104e-03
1.529805470643991194e-02 -5.757125720965898807e-01 3.763018632293857468e-02 -2.432872045193013921e+00 -1.221291557557660848e-02 1.858016825565586672e+00 8.457319244003653758e-01 5.000000000000000104e-03 5.000000000000000104e-03
1.534019810783506313e-02 -5.751349258395627162e-01 3.773385074807063949e-02 -2.433083278126900062e+00 -1.224655997110161293e-02 1.858808066609032084e+00 8.458981331083623711e-01 5.000000000000000104e-03 5.000000000000000104e-03
1.538234150923021432e-02 -5.745572795825355517e-01 3.783751517320270430e-02 -2.433294511060786203e+00 -1.228020436662661738e-02 1.859599307652477496e+00 8.460643418163593665e-01 5.000000000000000104e-03 5.000000000000000104e-03
1.542448491062536550e-02 -5.739796333255083871e-01 3.794117959833476911e-02 -2.433505743994672343e+00 -1.231384876215162183e-02 1.860390548695922908e+00 8.462305505243563619e-01 5.000000000000000104e-03 5.000000000000000104e-03
1.546662831202051669e-02 -5.734019870684812226e-01 3.804484402346683392e-02 -2.433716976928558484e+00 -1.234749315767662628e-02 1.861181789739368320e+00 8.463967592323533573e-01 5.000000000000000104e-03 5.000000000000000104e-03
1.550877171341566788e-02 -5.728243408114540580e-01 3.814850844859889872e-02 -2.433928209862444625e+00 -1.238113755320163073e-02 1.861973030782813732e+00 8.465629679403503527e-01 5.000000000000000104e-03 5.000000000000000104e-03
1.555091511481081906e-02 -5.722466945544268935e-01 3.825217287373096353e-02 -2.434139442796330766e+00 -1.241478194872663518e-02 1.862764271826259144e+00 8.467291766483473481e-01 5.000000000000000104e-03 5.000000000000000104e-03
1.559305851620597025e-02 -5.716690482973997289e-01 3.835583729886302140e-02 -2.434350675730216906e+00 -1.244842634425163963e-02 1.863555512869704556e+00 8.468953853563443435e-01 5.000000000000000104e-03 5.000000000000000104e-03
1.563520191760112144e-02 -5.710914020403725644e-01 3.845950172399507927e-02 -2.434561908664103047e+00 -1.248207073977664408e-02 1.864346753913149968e+00 8.470615940643413388e-01 5.000000000000000104e-03 5.000000000000000104e-03
1.567734531899627262e-02 -5.705137557833453998e-01 3.856316614912714408e-02 -2.434773141597989188e+00 -1.251571513530164853e-02 1.865137994956595380e+00 8.472278027723383342e-01 5.000000000000000104e-03 5.000000000000000104e-03
1.571948872039142381e-02 -5.699361095263182353e-01 3.866683057425920889e-02 -2.434984374531875329e+00 -1.254935953082665298e-02 1.865929236000040792e+00 8.473940114803353296e-01 5.000000000000000104e-03 5.000000000000000104e-03
1.576163212178657499e-02 -5.693584632692910708e-01 3.877049499939126675e-02 -2.435195607465761469e+00 -1.258300392635165743e-02 1.866720477043486204e+00 8.475602201883323250e-01 5.000000000000000104e-03 5.000000000000000104e-03
1.580377552318172618e-02 -5.687808170122639062e-01 3.887415942452332462e-02 -2.435406840399647610e+00 -1.261664832187666188e-02 1.867511718086931616e+00 8.477264288963293204e-01 5.000000000000000104e-03 5.000000000000000104e-03
1.584591892457687737e-02 -5.682031707552367417e-01 3.897782384965538943e-02 -2.435618073333533751e+00 -1.265029271740166633e-02 1.868302959130377028e+00 8.478926376043263158e-01 5.000000000000000104e-03 5.000000000000000104e-03
1.588806232597202855e-02 -5.676255244982095771e-01 3.908148827478745424e-02 -2.435829306267419891e+00 -1.268393711292667078e-02 1.869094200173822440e+00 8.480588463123233112e-01 5.000000000000000104e-03 5.000000000000000104e-03
1.593020572736717974e-02 -5.670478782411824126e-01 3.918515269991951211e-02 -2.436040539201306032e+00 -1.271758150845167523e-02 1.869885441217267852e+00 8.482250550203203066e-01 5.000000000000000104e-03 5.000000000000000104e-03
1.597234912876233093e-02 -5.664702319841552480e-01 3.928881712505156998e-02 -2.436251772135192173e+00 -1.275122590397667968e-02 1.870676682260713264e+00 8.483912637283173019e-01 5.000000000000000104e-03 5.000000000000000104e-03
1.601449253015748211e-02 -5.658925857271280835e-01 3.939248155018363479e-02 -2.436463005069078314e+00 -1.278487029950168413e-02 1.871467923304158676e+00 8.485574724363142973e-01 5.000000000000000104e-03 5.000000000000000104e-03
1.605663593155263330e-02 -5.653149394701009189e-01 3.949614597531569959e-02 -2.436674238002964454e+00 -1.281851469502668858e-02 1.872259164347604088e+00 8.487236811443112927e-01 5.000000000000000104e-03 5.000000000000000104e-03
1.609877933294778449e-02 -5.647372932130737544e-01 3.959981040044775746e-02 -2.436885470936850595e+00 -1.285215909055169303e-02 1.873050405391049500e+00 8.488898898523082881e-01 5.000000000000000104e-03 5.000000000000000104e-03
1.614092273434293567e-02 -5.641596469560465898e-01 3.970347482557981533e-02 -2.437096703870736736e+00 -1.288580348607669748e-02 1.873841646434494912e+00 8.490560985603052835e-01 5.000000000000000104e-03 5.000000000000000104e-03
1.618306613573808686e-02 -5.635820006990194253e-01 3.980713925071188014e-02 -2.437307936804622877e+00 -1.291944788160170193e-02 1.874632887477940324e+00 8.492223072683022789e-01 5.000000000000000104e-03 5.000000000000000104e-03
1.622520953713323805e-02 -5.630043544419922608e-01 3.991080367584394495e-02 -2.437519169738509017e+00 -1.295309227712670638e-02 1.875424128521385736e+00 8.493885159762992743e-01 5.000000000000000104e-03 5.000000000000000104e-03
1.626735293852838923e-02 -5.624267081849650962e-01 4.001446810097600282e-02 -2.437730402672395158e+00 -1.298673667265171083e-02 1.876215369564831148e+00 8.495547246842962696e-01 5.000000000000000104e-03 5.000000000000000104e-03
1.630949633992354042e-02 -5.618490619279379317e-01 4.011813252610806069e-02 -2.437941635606281299e+00 -1.302038106817671528e-02 1.877006610608276560e+00 8.497209333922932650e-01 5.000000000000000104e-03 5.000000000000000104e-03
1.635163974131869161e-02 -5.612714156709107671e-01 4.022179695124012550e-02 -2.438152868540167439e+00 -1.305402546370171973e-02 1.877797851651721972e+00 8.498871421002902604e-01 5.000000000000000104e-03 5.000000000000000104e-03
1.639378314271384279e-02 -5.606937694138836026e-01 4.032546137637219030e-02 -2.438364101474053580e+00 -1.308766985922672418e-02 1.878589092695167384e+00 8.500533508082872558e-01 5.000000000000000104e-03 5.000000000000000104e-03
1.643592654410899398e-02 -5.601161231568564380e-01 4.042912580150424817e-02 -2.438575334407939721e+00 -1.312131425475172863e-02 1.879380333738612796e+00 8.502195595162843622e-01 5.000000000000000104e-03 5.000000000000000104e-03
1.647806994550414517e-02 -5.595384768998292735e-01 4.053279022663630604e-02 -2.438786567341825862e+00 -1.315495865027673308e-02 1.880171574782058208e+00 8.503857682242814686e-01 5.000000000000000104e-03 5.000000000000000104e-03
1.652021334689929635e-02 -5.589608306428021089e-01 4.063645465176837085e-02 -2.438997800275712002e+00 -1.318860304580173753e-02 1.880962815825503620e+00 8.505519769322784640e-01 5.000000000000000104e-03 5.000000000000000104e-03
1.656235674829444754e-02 -5.583831843857749444e-01 4.074011907690043566e-02 -2.439209033209598143e+00 -1.322224744132674198e-02 1.881754056868949032e+00 8.507181856402754594e-01 5.000000000000000104e-03 5.000000000000000104e-03
1.660450014968959873e-02 -5.578055381287477799e-01 4.084378350203249353e-02 -2.439420266143484284e+00 -1.325589183685174643e-02 1.882545297912394444e+00 8.508843943482725658e-01 5.000000000000000104e-03 5.000000000000000104e-03
1.664664355108474991e-02 -5.572278918717206153e-01 4.094744792716455140e-02 -2.439631499077370425e+00 -1.328953623237675088e-02 1.883336538955839856e+00 8.510506030562696722e-01 5.000000000000000104e-03 5.000000000000000104e-03
1.668878695247990110e-02 -5.566502456146934508e-01 4.105111235229661620e-02 -2.439842732011256565e+00 -1.332318062790175534e-02 1.884127779999285268e+00 8.512168117642666676e-01 5.000000000000000104e-03 5.000000000000000104e-03
1.673093035387505229e-02 -5.560725993576662862e-01 4.115477677742868101e-02 -2.440053964945142706e+00 -1.335682502342675979e-02 1.884919021042730680e+00 8.513830204722636630e-01 5.000000000000000104e-03 5.000000000000000104e-03
1.677307375527020347e-02 -5.554949531006391217e-01 4.125844120256073888e-02 -2.440265197879028847e+00 -1.339046941895176424e-02 1.885710262086176092e+00 8.515492291802607694e-01 5.000000000000000104e-03 5.000000000000000104e-03
1.681521715666535466e-02 -5.549173068436119571e-01 4.136210562769279675e-02 -2.440476430812914987e+00 -1.342411381447676869e-02 1.886501503129621504e+00 8.517154378882578758e-01 5.000000000000000104e-03 5.000000000000000104e-03
1.685736055806050585e-02 -5.543396605865847926e-01 4.146577005282486156e-02 -2.440687663746801128e+00 -1.345775821000177314e-02 1.887292744173066916e+00 8.518816465962548712e-01 5.000000000000000104e-03 5.000000000000000104e-03
1.689950395945565703e-02 -5.537620143295576280e-01 4.156943447795692637e-02 -2.440898896680687269e+00 -1.349140260552677759e-02 1.888083985216512328e+00 8.520478553042518666e-01 5.000000000000000104e-03 5.000000000000000104e-03
1.694164736085080822e-02 -5.531843680725304635e-01 4.167309890308898424e-02 -2.441110129614573410e+00 -1.352504700105178204e-02 1.888875226259957740e+00 8.522140640122489730e-01 5.000000000000000104e-03 5.000000000000000104e-03
1.698379076224595940e-02 -5.526067218155032990e-01 4.177676332822104210e-02 -2.441321362548459550e+00 -1.355869139657678649e-02 1.889666467303403152e+00 8.523802727202460794e-01 5.000000000000000104e-03 5.000000000000000104e-03
1.702593416364111059e-02 -5.520290755584762454e-01 4.188042775335310691e-02 -2.441532595482345691e+00 -1.359233579210179094e-02 1.890457708346848786e+00 8.525464814282430748e-01 5.000000000000000104e-03 5.000000000000000104e-03
1.706807756503626178e-02 -5.514514293014491919e-01 4.198409217848517172e-02 -2.441743828416231832e+00 -1.362598018762679539e-02 1.891248949390294420e+00 8.527126901362400702e-01 5.000000000000000104e-03 5.000000000000000104e-03
1.711022096643141296e-02 -5.508737830444220274e-01 4.208775660361722959e-02 -2.441955061350117973e+00 -1.365962458315179984e-02 1.892040190433739832e+00 8.528788988442371766e-01 5.000000000000000104e-03 5.000000000000000104e-03
1.715236436782656415e-02 -5.502961367873948628e-01 4.219142102874928746e-02 -2.442166294284004113e+00 -1.369326897867680429e-02 1.892831431477185244e+00 8.530451075522342830e-01 5.000000000000000104e-03 5.000000000000000104e-03
1.719450776922171881e-02 -5.497184905303678093e-01 4.229508545388135227e-02 -2.442377527217890254e+00 -1.372691337420180700e-02 1.893622672520630879e+00 8.532113162602312784e-01 5.000000000000000104e-03 5.000000000000000104e-03
1.723665117061686999e-02 -5.491408442733406448e-01 4.239874987901341707e-02 -2.442588760151776395e+00 -1.376055776972681145e-02 1.894413913564076291e+00 8.533775249682282737e-01 5.000000000000000104e-03 5.000000000000000104e-03
1.727879457201202118e-02 -5.485631980163134802e-01 4.250241430414548188e-02 -2.442799993085662535e+00 -1.379420216525181590e-02 1.895205154607521703e+00 8.535437336762252691e-01 5.000000000000000104e-03 5.000000000000000104e-03
1.732093797340717237e-02 -5.479855517592863157e-01 4.260607872927754669e-02 -2.443011226019548676e+00 -1.382784656077682035e-02 1.895996395650967115e+00 8.537099423842222645e-01 5.000000000000000104e-03 5.000000000000000104e-03
1.736308137480232355e-02 -5.474079055022591511e-01 4.270974315440961150e-02 -2.443222458953434817e+00 -1.386149095630182480e-02 1.896787636694412527e+00 8.538761510922192599e-01 5.000000000000000104e-03 5.000000000000000104e-03
1.740522477619747474e-02 -5.468302592452319866e-01 4.281340757954167631e-02 -2.443433691887320958e+00 -1.389513535182682925e-02 1.897578877737857939e+00 8.540423598002162553e-01 5.000000000000000104e-03 5.000000000000000104e-03
1.744736817759262593e-02 -5.462526129882048220e-01 4.291707200467374111e-02 -2.443644924821207098e+00 -1.392877974735183370e-02 1.898370118781303351e+00 8.542085685082132507e-01 5.000000000000000104e-03 5.000000000000000104e-03
1.748951157898777711e-02 -5.456749667311776575e-01 4.302073642980580592e-02 -2.443856157755093239e+00 -1.396242414287683815e-02 1.899161359824748763e+00 8.543747772162102461e-01 5.000000000000000104e-03 5.000000000000000104e-03
1.753165498038292830e-02 -5.450973204741504929e-01 4.312440085493787073e-02 -2.444067390688979380e+00 -1.399606853840184260e-02 1.899952600868194175e+00 8.545409859242072415e-01 5.000000000000000104e-03 5.000000000000000104e-03
1.757379838177807949e-02 -5.445196742171233284e-01 4.322806528006993554e-02 -2.444278623622865521e+00 -1.402971293392684705e-02 1.900743841911639587e+00 8.547071946322042368e-01 5.000000000000000104e-03 5.000000000000000104e-03
1.761594178317323067e-02 -5.439420279600961639e-01 4.333172970520200035e-02 -2.444489856556751661e+00 -1.406335732945185150e-02 1.901535082955084999e+00 8.548734033402012322e-01 5.000000000000000104e-03 5.000000000000000104e-03
1.765808518456838186e-02 -5.433643817030689993e-01 4.343539413033406515e-02 -2.444701089490637802e+00 -1.409700172497685595e-02 1.902326323998530411e+00 8.550396120481982276e-01 5.000000000000000104e-03 5.000000000000000104e-03
1.770022858596353305e-02 -5.427867354460418348e-01 4.353905855546612302e-02 -2.444912322424523943e+00 -1.413064612050186040e-02 1.903117565041975823e+00 8.552058207561952230e-01 5.000000000000000104e-03 5.000000000000000104e-03
1.774237198735868423e-02 -5.422090891890146702e-01 4.364272298059818783e-02 -2.445123555358410083e+00 -1.416429051602686486e-02 1.903908806085421235e+00 8.553720294641922184e-01 5.000000000000000104e-03 5.000000000000000104e-03
1.778451538875383542e-02 -5.416314429319875057e-01 4.374638740573025264e-02 -2.445334788292296224e+00 -1.419793491155186931e-02 1.904700047128866647e+00 8.555382381721892138e-01 5.000000000000000104e-03 5.000000000000000104e-03
1.782665879014898661e-02 -5.410537966749603411e-01 4.385005183086231051e-02 -2.445546021226182365e+00 -1.423157930707687376e-02 1.905491288172312059e+00 8.557044468801862092e-01 5.000000000000000104e-03 5.000000000000000104e-03
1.786880219154413779e-02 -5.404761504179331766e-01 4.395371625599436838e-02 -2.445757254160068506e+00 -1.426522370260187821e-02 1.906282529215757471e+00 8.558706555881832045e-01 5.000000000000000104e-03 5.000000000000000104e-03
1.791094559293928898e-02 -5.398985041609060120e-01 4.405738068112643319e-02 -2.445968487093954646e+00 -1.429886809812688266e-02 1.907073770259202883e+00 8.560368642961801999e-01 5.000000000000000104e-03 5.000000000000000104e-03
1.795308899433444016e-02 -5.393208579038788475e-01 4.416104510625849799e-02 -2.446179720027840787e+00 -1.433251249365188711e-02 1.907865011302648295e+00 8.562030730041771953e-01 5.000000000000000104e-03 5.000000000000000104e-03
1.799523239572959135e-02 -5.387432116468516829e-01 4.426470953139055586e-02 -2.446390952961726928e+00 -1.436615688917689156e-02 1.908656252346093707e+00 8.563692817121741907e-01 5.000000000000000104e-03 5.000000000000000104e-03
1.803737579712474254e-02 -5.381655653898245184e-01 4.436837395652261373e-02 -2.446602185895613069e+00 -1.439980128470189601e-02 1.909447493389539119e+00 8.565354904201711861e-01 5.000000000000000104e-03 5.000000000000000104e-03
1.807951919851989372e-02 -5.375879191327973539e-01 4.447203838165467854e-02 -2.446813418829499209e+00 -1.443344568022690046e-02 1.910238734432984531e+00 8.567016991281681815e-01 5.000000000000000104e-03 5.000000000000000104e-03
1.812166259991504491e-02 -5.370102728757701893e-01 4.457570280678674335e-02 -2.447024651763385350e+00 -1.446709007575190491e-02 1.911029975476429943e+00 8.568679078361651769e-01 5.000000000000000104e-03 5.000000000000000104e-03
1.816380600131019610e-02 -5.364326266187430248e-01 4.467936723191880122e-02 -2.447235884697271491e+00 -1.450073447127690936e-02 1.911821216519875355e+00 8.570341165441621722e-01 5.000000000000000104e-03 5.000000000000000104e-03
1.820594940270534728e-02 -5.358549803617158602e-01 4.478303165705085909e-02 -2.447447117631157631e+00 -1.453437886680191381e-02 1.912612457563320767e+00 8.572003252521591676e-01 5.000000000000000104e-03 5.000000000000000104e-03
1.824809280410049847e-02 -5.352773341046886957e-01 4.488669608218292389e-02 -2.447658350565043772e+00 -1.456802326232691826e-02 1.913403698606766179e+00 8.573665339601561630e-01 5.000000000000000104e-03 5.000000000000000104e-03
1.829023620549564966e-02 -5.346996878476615311e-01 4.499036050731498870e-02 -2.447869583498929913e+00 -1.460166765785192271e-02 1.914194939650211591e+00 8.575327426681531584e-01 5.000000000000000104e-03 5.000000000000000104e-03
1.833237960689080084e-02 -5.341220415906343666e-01 4.509402493244704657e-02 -2.448080816432816054e+00 -1.463531205337692716e-02 1.914986180693657003e+00 8.576989513761501538e-01 5.000000000000000104e-03 5.000000000000000104e-03
1.837452300828595203e-02 -5.335443953336072020e-01 4.519768935757910444e-02 -2.448292049366702194e+00 -1.466895644890193161e-02 1.915777421737102415e+00 8.578651600841471492e-01 5.000000000000000104e-03 5.000000000000000104e-03
1.841666640968110322e-02 -5.329667490765800375e-01 4.530135378271116925e-02 -2.448503282300588335e+00 -1.470260084442693606e-02 1.916568662780547827e+00 8.580313687921441446e-01 5.000000000000000104e-03 5.000000000000000104e-03
1.845880981107625440e-02 -5.323891028195528730e-01 4.540501820784323406e-02 -2.448714515234474476e+00 -1.473624523995194051e-02 1.917359903823993239e+00 8.581975775001411400e-01 5.000000000000000104e-03 5.000000000000000104e-03
1.850095321247140559e-02 -5.318114565625257084e-01 4.550868263297529193e-02 -2.448925748168360617e+00 -1.476988963547694496e-02 1.918151144867438651e+00 8.583637862081381353e-01 5.000000000000000104e-03 5.000000000000000104e-03
1.854309661386655678e-02 -5.312338103054985439e-01 4.561234705810734980e-02 -2.449136981102246757e+00 -1.480353403100194941e-02 1.918942385910884063e+00 8.585299949161351307e-01 5.000000000000000104e-03 5.000000000000000104e-03
1.858524001526170796e-02 -5.306561640484713793e-01 4.571601148323941460e-02 -2.449348214036132898e+00 -1.483717842652695386e-02 1.919733626954329475e+00 8.586962036241322371e-01 5.000000000000000104e-03 5.000000000000000104e-03
1.862738341665685915e-02 -5.300785177914442148e-01 4.581967590837147941e-02 -2.449559446970019039e+00 -1.487082282205195831e-02 1.920524867997774887e+00 8.588624123321293435e-01 5.000000000000000104e-03 5.000000000000000104e-03
1.866952681805201034e-02 -5.295008715344170502e-01 4.592334033350353728e-02 -2.449770679903905179e+00 -1.490446721757696276e-02 1.921316109041220299e+00 8.590286210401263389e-01 5.000000000000000104e-03 5.000000000000000104e-03
1.871167021944716152e-02 -5.289232252773898857e-01 4.602700475863559515e-02 -2.449981912837791320e+00 -1.493811161310196721e-02 1.922107350084665711e+00 8.591948297481233343e-01 5.000000000000000104e-03 5.000000000000000104e-03
1.875381362084231271e-02 -5.283455790203627211e-01 4.613066918376765996e-02 -2.450193145771677461e+00 -1.497175600862697166e-02 1.922898591128111123e+00 8.593610384561204407e-01 5.000000000000000104e-03 5.000000000000000104e-03
1.879595702223746390e-02 -5.277679327633355566e-01 4.623433360889972477e-02 -2.450404378705563602e+00 -1.500540040415197611e-02 1.923689832171556535e+00 8.595272471641175471e-01 5.000000000000000104e-03 5.000000000000000104e-03
1.883810042363261508e-02 -5.271902865063083921e-01 4.633799803403178263e-02 -2.450615611639449742e+00 -1.503904479967698056e-02 1.924481073215001947e+00 8.596934558721145425e-01 5.000000000000000104e-03 5.000000000000000104e-03
1.888024382502776627e-02 -5.266126402492812275e-01 4.644166245916384050e-02 -2.450826844573335883e+00 -1.507268919520198501e-02 1.925272314258447359e+00 8.598596645801115379e-01 5.000000000000000104e-03 5.000000000000000104e-03
1.892238722642291746e-02 -5.260349939922540630e-01 4.654532688429590531e-02 -2.451038077507222024e+00 -1.510633359072698946e-02 1.926063555301892771e+00 8.600258732881086443e-01 5.000000000000000104e-03 5.000000000000000104e-03
1.896453062781806864e-02 -5.254573477352268984e-01 4.664899130942797012e-02 -2.451249310441108165e+00 -1.513997798625199391e-02 1.926854796345338183e+00 8.601920819961057507e-01 5.000000000000000104e-03 5.000000000000000104e-03
1.900667402921321983e-02 -5.248797014781997339e-01 4.675265573456002799e-02 -2.451460543374994305e+00 -1.517362238177699836e-02 1.927646037388783595e+00 8.603582907041027461e-01 5.000000000000000104e-03 5.000000000000000104e-03
1.904881743060837102e-02 -5.243020552211725693e-01 4.685632015969208586e-02 -2.451671776308880446e+00 -1.520726677730200281e-02 1.928437278432229007e+00 8.605244994120997415e-01 5.000000000000000104e-03 5.000000000000000104e-03
1.909096083200352220e-02 -5.237244089641454048e-01 4.695998458482415067e-02 -2.451883009242766587e+00 -1.524091117282700726e-02 1.929228519475674641e+00 8.606907081200968479e-01 5.000000000000000104e-03 5.000000000000000104e-03
1.913310423339867339e-02 -5.231467627071182402e-01 4.706364900995621547e-02 -2.452094242176652727e+00 -1.527455556835201171e-02 1.930019760519120275e+00 8.608569168280939543e-01 5.000000000000000104e-03 5.000000000000000104e-03
1.917524763479382457e-02 -5.225691164500911867e-01 4.716731343508827334e-02 -2.452305475110538868e+00 -1.530819996387701616e-02 1.930811001562565687e+00 8.610231255360909497e-01 5.000000000000000104e-03 5.000000000000000104e-03
1.921739103618897576e-02 -5.219914701930641332e-01 4.727097786022033121e-02 -2.452516708044425009e+00 -1.534184435940202061e-02 1.931602242606011099e+00 8.611893342440879451e-01 5.000000000000000104e-03 5.000000000000000104e-03
1.925953443758412695e-02 -5.214138239360369687e-01 4.737464228535239602e-02 -2.452727940978311150e+00 -1.537548875492702506e-02 1.932393483649456734e+00 8.613555429520850515e-01 5.000000000000000104e-03 5.000000000000000104e-03
1.930167783897927813e-02 -5.208361776790098041e-01 4.747830671048446083e-02 -2.452939173912197290e+00 -1.540913315045202778e-02 1.933184724692902368e+00 8.615217516600821579e-01 5.000000000000000104e-03 5.000000000000000104e-03
1.934382124037443279e-02 -5.202585314219827506e-01 4.758197113561651870e-02 -2.453150406846083431e+00 -1.544277754597703223e-02 1.933975965736347780e+00 8.616879603680791533e-01 5.000000000000000104e-03 5.000000000000000104e-03
1.938596464176958398e-02 -5.196808851649555860e-01 4.768563556074858351e-02 -2.453361639779969572e+00 -1.547642194150203668e-02 1.934767206779793192e+00 8.618541690760761487e-01 5.000000000000000104e-03 5.000000000000000104e-03
1.942810804316473516e-02 -5.191032389079284215e-01 4.778929998588064831e-02 -2.453572872713855713e+00 -1.551006633702704113e-02 1.935558447823238604e+00 8.620203777840731441e-01 5.000000000000000104e-03 5.000000000000000104e-03
1.947025144455988635e-02 -5.185255926509012570e-01 4.789296441101271312e-02 -2.453784105647741853e+00 -1.554371073255204558e-02 1.936349688866684016e+00 8.621865864920701394e-01 5.000000000000000104e-03 5.000000000000000104e-03
1.951239484595503754e-02 -5.179479463938740924e-01 4.799662883614477793e-02 -2.453995338581627994e+00 -1.557735512807705003e-02 1.937140929910129428e+00 8.623527952000671348e-01 5.000000000000000104e-03 5.000000000000000104e-03
1.955453824735018872e-02 -5.173703001368469279e-01 4.810029326127684274e-02 -2.454206571515514135e+00 -1.561099952360205448e-02 1.937932170953574840e+00 8.625190039080641302e-01 5.000000000000000104e-03 5.000000000000000104e-03
1.959668164874533991e-02 -5.167926538798197633e-01 4.820395768640890755e-02 -2.454417804449400276e+00 -1.564464391912705893e-02 1.938723411997020252e+00 8.626852126160611256e-01 5.000000000000000104e-03 5.000000000000000104e-03
1.963882505014049110e-02 -5.162150076227925988e-01 4.830762211154097235e-02 -2.454629037383286416e+00 -1.567828831465206338e-02 1.939514653040465664e+00 8.628514213240581210e-01 5.000000000000000104e-03 5.000000000000000104e-03
1.968096845153564228e-02 -5.156373613657654342e-01 4.841128653667303716e-02 -2.454840270317172557e+00 -1.571193271017706783e-02 1.940305894083911076e+00 8.630176300320551164e-01 5.000000000000000104e-03 5.000000000000000104e-03
1.972311185293079347e-02 -5.150597151087382697e-01 4.851495096180510197e-02 -2.455051503251058698e+00 -1.574557710570207228e-02 1.941097135127356488e+00 8.631838387400521118e-01 5.000000000000000104e-03 5.000000000000000104e-03
1.976525525432594466e-02 -5.144820688517111051e-01 4.861861538693716678e-02 -2.455262736184944838e+00 -1.577922150122707673e-02 1.941888376170801900e+00 8.633500474480491071e-01 5.000000000000000104e-03 5.000000000000000104e-03
1.980739865572109584e-02 -5.139044225946839406e-01 4.872227981206923159e-02 -2.455473969118830979e+00 -1.581286589675208118e-02 1.942679617214247312e+00 8.635162561560461025e-01 5.000000000000000104e-03 5.000000000000000104e-03
1.984954205711624703e-02 -5.133267763376567761e-01 4.882594423720129639e-02 -2.455685202052717120e+00 -1.584651029227708563e-02 1.943470858257692724e+00 8.636824648640430979e-01 5.000000000000000104e-03 5.000000000000000104e-03
1.989168545851139822e-02 -5.127491300806296115e-01 4.892960866233336120e-02 -2.455896434986603261e+00 -1.588015468780209008e-02 1.944262099301138136e+00 8.638486735720400933e-01 5.000000000000000104e-03 5.000000000000000104e-03
1.993382885990654940e-02 -5.121714838236024470e-01 4.903327308746542601e-02 -2.456107667920489401e+00 -1.591379908332709453e-02 1.945053340344583548e+00 8.640148822800370887e-01 5.000000000000000104e-03 5.000000000000000104e-03
1.997597226130170059e-02 -5.115938375665752824e-01 4.913693751259748388e-02 -2.456318900854375542e+00 -1.594744347885209898e-02 1.945844581388028960e+00 8.641810909880340841e-01 5.000000000000000104e-03 5.000000000000000104e-03
2.001811566269685178e-02 -5.110161913095481179e-01 4.924060193772954175e-02 -2.456530133788261683e+00 -1.598108787437710343e-02 1.946635822431474372e+00 8.643472996960310795e-01 5.000000000000000104e-03 5.000000000000000104e-03
2.006025906409200296e-02 -5.104385450525209533e-01 4.934426636286160656e-02 -2.456741366722147824e+00 -1.601473226990210788e-02 1.947427063474919784e+00 8.645135084040280748e-01 5.000000000000000104e-03 5.000000000000000104e-03
2.010240246548715415e-02 -5.098608987954937888e-01 4.944793078799367136e-02 -2.456952599656033964e+00 -1.604837666542711233e-02 1.948218304518365196e+00 8.646797171120250702e-01 5.000000000000000104e-03 5.000000000000000104e-03
2.014454586688230533e-02 -5.092832525384666242e-01 4.955159521312572923e-02 -2.457163832589920105e+00 -1.608202106095211678e-02 1.949009545561810608e+00 8.648459258200220656e-01 5.000000000000000104e-03 5.000000000000000104e-03
2.018668926827745652e-02 -5.087056062814394597e-01 4.965525963825778710e-02 -2.457375065523806246e+00 -1.611566545647712123e-02 1.949800786605256020e+00 8.650121345280190610e-01 5.000000000000000104e-03 5.000000000000000104e-03
2.022883266967260771e-02 -5.081279600244122951e-01 4.975892406338985191e-02 -2.457586298457692386e+00 -1.614930985200212568e-02 1.950592027648701432e+00 8.651783432360160564e-01 5.000000000000000104e-03 5.000000000000000104e-03
2.027097607106775889e-02 -5.075503137673851306e-01 4.986258848852191672e-02 -2.457797531391578527e+00 -1.618295424752713013e-02 1.951383268692146844e+00 8.653445519440130518e-01 5.000000000000000104e-03 5.000000000000000104e-03
2.031311947246291008e-02 -5.069726675103579661e-01 4.996625291365397459e-02 -2.458008764325464668e+00 -1.621659864305213458e-02 1.952174509735592256e+00 8.655107606520100472e-01 5.000000000000000104e-03 5.000000000000000104e-03
2.035526287385806127e-02 -5.063950212533308015e-01 5.006991733878603246e-02 -2.458219997259350809e+00 -1.625024303857713903e-02 1.952965750779037668e+00 8.656769693600070426e-01 5.000000000000000104e-03 5.000000000000000104e-03
2.039740627525321245e-02 -5.058173749963036370e-01 5.017358176391809726e-02 -2.458431230193236949e+00 -1.628388743410214348e-02 1.953756991822483080e+00 8.658431780680040379e-01 5.000000000000000104e-03 5.000000000000000104e-03
2.043954967664836364e-02 -5.052397287392764724e-01 5.027724618905016207e-02 -2.458642463127123090e+00 -1.631753182962714793e-02 1.954548232865928492e+00 8.660093867760010333e-01 5.000000000000000104e-03 5.000000000000000104e-03
2.048169307804351483e-02 -5.046620824822493079e-01 5.038091061418221994e-02 -2.458853696061009231e+00 -1.635117622515215238e-02 1.955339473909373904e+00 8.661755954839980287e-01 5.000000000000000104e-03 5.000000000000000104e-03
2.052383647943866601e-02 -5.040844362252221433e-01 5.048457503931427781e-02 -2.459064928994895372e+00 -1.638482062067715683e-02 1.956130714952819316e+00 8.663418041919950241e-01 5.000000000000000104e-03 5.000000000000000104e-03
2.056597988083381720e-02 -5.035067899681949788e-01 5.058823946444634262e-02 -2.459276161928781512e+00 -1.641846501620216128e-02 1.956921955996264728e+00 8.665080128999920195e-01 5.000000000000000104e-03 5.000000000000000104e-03
2.060812328222896839e-02 -5.029291437111678142e-01 5.069190388957840743e-02 -2.459487394862667653e+00 -1.645210941172716573e-02 1.957713197039710140e+00 8.666742216079890149e-01 5.000000000000000104e-03 5.000000000000000104e-03
2.065026668362411957e-02 -5.023514974541406497e-01 5.079556831471046530e-02 -2.459698627796553794e+00 -1.648575380725217018e-02 1.958504438083155552e+00 8.668404303159860103e-01 5.000000000000000104e-03 5.000000000000000104e-03
2.069241008501927076e-02 -5.017738511971134852e-01 5.089923273984252317e-02 -2.459909860730439934e+00 -1.651939820277717463e-02 1.959295679126600964e+00 8.670066390239830056e-01 5.000000000000000104e-03 5.000000000000000104e-03
2.073455348641442195e-02 -5.011962049400863206e-01 5.100289716497458797e-02 -2.460121093664326075e+00 -1.655304259830217908e-02 1.960086920170046376e+00 8.671728477319801121e-01 5.000000000000000104e-03 5.000000000000000104e-03
2.077669688780957313e-02 -5.006185586830591561e-01 5.110656159010665278e-02 -2.460332326598212216e+00 -1.658668699382718353e-02 1.960878161213491788e+00 8.673390564399772185e-01 5.000000000000000104e-03 5.000000000000000104e-03
2.081884028920472432e-02 -5.000409124260319915e-01 5.121022601523871065e-02 -2.460543559532098357e+00 -1.662033138935218798e-02 1.961669402256937200e+00 8.675052651479742138e-01 5.000000000000000104e-03 5.000000000000000104e-03
2.086098369059987551e-02 -4.994632661690048270e-01 5.131389044037076852e-02 -2.460754792465984497e+00 -1.665397578487719243e-02 1.962460643300382612e+00 8.676714738559712092e-01 5.000000000000000104e-03 5.000000000000000104e-03
2.090312709199502669e-02 -4.988856199119776624e-01 5.141755486550283333e-02 -2.460966025399870638e+00 -1.668762018040219688e-02 1.963251884343828024e+00 8.678376825639683156e-01 5.000000000000000104e-03 5.000000000000000104e-03
2.094527049339017788e-02 -4.983079736549504979e-01 5.152121929063489814e-02 -2.461177258333756779e+00 -1.672126457592720133e-02 1.964043125387273436e+00 8.680038912719654220e-01 5.000000000000000104e-03 5.000000000000000104e-03
2.098741389478532907e-02 -4.977303273979233889e-01 5.162488371576695600e-02 -2.461388491267642920e+00 -1.675490897145220578e-02 1.964834366430718848e+00 8.681700999799624174e-01 5.000000000000000104e-03 5.000000000000000104e-03
2.102955729618048025e-02 -4.971526811408962798e-01 5.172854814089901387e-02 -2.461599724201529060e+00 -1.678855336697721023e-02 1.965625607474164260e+00 8.683363086879594128e-01 5.000000000000000104e-03 5.000000000000000104e-03
2.107170069757563144e-02 -4.965750348838691153e-01 5.183221256603107868e-02 -2.461810957135415201e+00 -1.682219776250221469e-02 1.966416848517609672e+00 8.685025173959565192e-01 5.000000000000000104e-03 5.000000000000000104e-03
2.111384409897078263e-02 -4.959973886268419507e-01 5.193587699116314349e-02 -2.462022190069301342e+00 -1.685584215802721914e-02 1.967208089561055084e+00 8.686687261039536256e-01 5.000000000000000104e-03 5.000000000000000104e-03
2.115598750036593381e-02 -4.954197423698148417e-01 5.203954141629520136e-02 -2.462233423003187482e+00 -1.688948655355222359e-02 1.967999330604500496e+00 8.688349348119506210e-01 5.000000000000000104e-03 5.000000000000000104e-03
2.119813090176108500e-02 -4.948420961127877327e-01 5.214320584142725923e-02 -2.462444655937073623e+00 -1.692313094907722804e-02 1.968790571647946130e+00 8.690011435199476164e-01 5.000000000000000104e-03 5.000000000000000104e-03
2.124027430315623619e-02 -4.942644498557605681e-01 5.224687026655932404e-02 -2.462655888870959764e+00 -1.695677534460223249e-02 1.969581812691391542e+00 8.691673522279447228e-01 5.000000000000000104e-03 5.000000000000000104e-03
2.128241770455138737e-02 -4.936868035987334036e-01 5.235053469169138884e-02 -2.462867121804845905e+00 -1.699041974012723694e-02 1.970373053734836954e+00 8.693335609359418292e-01 5.000000000000000104e-03 5.000000000000000104e-03
2.132456110594653856e-02 -4.931091573417062945e-01 5.245419911682344671e-02 -2.463078354738732045e+00 -1.702406413565224139e-02 1.971164294778282589e+00 8.694997696439388246e-01 5.000000000000000104e-03 5.000000000000000104e-03
2.136670450734168974e-02 -4.925315110846791855e-01 5.255786354195550458e-02 -2.463289587672618186e+00 -1.705770853117724584e-02 1.971955535821728223e+00 8.696659783519358200e-01 5.000000000000000104e-03 5.000000000000000104e-03
2.140884790873684093e-02 -4.919538648276520210e-01 5.266152796708756939e-02 -2.463500820606504327e+00 -1.709135292670225029e-02 1.972746776865173635e+00 8.698321870599329264e-01 5.000000000000000104e-03 5.000000000000000104e-03
2.145099131013199212e-02 -4.913762185706248564e-01 5.276519239221963420e-02 -2.463712053540390468e+00 -1.712499732222725474e-02 1.973538017908619047e+00 8.699983957679300328e-01 5.000000000000000104e-03 5.000000000000000104e-03
2.149313471152714677e-02 -4.907985723135977474e-01 5.286885681735169207e-02 -2.463923286474276608e+00 -1.715864171775225919e-02 1.974329258952064681e+00 8.701646044759270282e-01 5.000000000000000104e-03 5.000000000000000104e-03
2.153527811292229796e-02 -4.902209260565705828e-01 5.297252124248375688e-02 -2.464134519408162749e+00 -1.719228611327726364e-02 1.975120499995510093e+00 8.703308131839240236e-01 5.000000000000000104e-03 5.000000000000000104e-03
2.157742151431744915e-02 -4.896432797995434183e-01 5.307618566761582168e-02 -2.464345752342048890e+00 -1.722593050880226809e-02 1.975911741038955505e+00 8.704970218919210190e-01 5.000000000000000104e-03 5.000000000000000104e-03
2.161956491571260033e-02 -4.890656335425162538e-01 5.317985009274788649e-02 -2.464556985275935030e+00 -1.725957490432727254e-02 1.976702982082400917e+00 8.706632305999180144e-01 5.000000000000000104e-03 5.000000000000000104e-03
2.166170831710775152e-02 -4.884879872854890892e-01 5.328351451787995130e-02 -2.464768218209821171e+00 -1.729321929985227699e-02 1.977494223125846329e+00 8.708294393079150097e-01 5.000000000000000104e-03 5.000000000000000104e-03
2.170385171850290271e-02 -4.879103410284619247e-01 5.338717894301201611e-02 -2.464979451143707312e+00 -1.732686369537728144e-02 1.978285464169291741e+00 8.709956480159120051e-01 5.000000000000000104e-03 5.000000000000000104e-03
2.174599511989805389e-02 -4.873326947714347601e-01 5.349084336814408092e-02 -2.465190684077593453e+00 -1.736050809090228589e-02 1.979076705212737153e+00 8.711618567239090005e-01 5.000000000000000104e-03 5.000000000000000104e-03
2.178813852129320508e-02 -4.867550485144075956e-01 5.359450779327614572e-02 -2.465401917011479593e+00 -1.739415248642729034e-02 1.979867946256182565e+00 8.713280654319059959e-01 5.000000000000000104e-03 5.000000000000000104e-03
2.183028192268835627e-02 -4.861774022573804310e-01 5.369817221840821053e-02 -2.465613149945365734e+00 -1.742779688195229479e-02 1.980659187299627977e+00 8.714942741399029913e-01 5.000000000000000104e-03 5.000000000000000104e-03
2.187242532408350745e-02 -4.855997560003532665e-01 5.380183664354027534e-02 -2.465824382879251875e+00 -1.746144127747729924e-02 1.981450428343073389e+00 8.716604828478999867e-01 5.000000000000000104e-03 5.000000000000000104e-03
2.191456872547865864e-02 -4.850221097433261019e-01 5.390550106867234015e-02 -2.466035615813138016e+00 -1.749508567300230369e-02 1.982241669386518801e+00 8.718266915558969821e-01 5.000000000000000104e-03 5.000000000000000104e-03
2.195671212687380983e-02 -4.844444634862989374e-01 5.400916549380440496e-02 -2.466246848747024156e+00 -1.752873006852730814e-02 1.983032910429964213e+00 8.719929002638939775e-01 5.000000000000000104e-03 5.000000000000000104e-03
2.199885552826896101e-02 -4.838668172292717728e-01 5.411282991893646976e-02 -2.466458081680910297e+00 -1.756237446405231259e-02 1.983824151473409625e+00 8.721591089718909728e-01 5.000000000000000104e-03 5.000000000000000104e-03
2.204099892966411220e-02 -4.832891709722446083e-01 5.421649434406852763e-02 -2.466669314614796438e+00 -1.759601885957731704e-02 1.984615392516855037e+00 8.723253176798879682e-01 5.000000000000000104e-03 5.000000000000000104e-03
2.208314233105926339e-02 -4.827115247152174438e-01 5.432015876920058550e-02 -2.466880547548682578e+00 -1.762966325510232149e-02 1.985406633560300449e+00 8.724915263878849636e-01 5.000000000000000104e-03 5.000000000000000104e-03
2.212528573245441457e-02 -4.821338784581902792e-01 5.442382319433265031e-02 -2.467091780482568719e+00 -1.766330765062732594e-02 1.986197874603745861e+00 8.726577350958819590e-01 5.000000000000000104e-03 5.000000000000000104e-03
2.216742913384956576e-02 -4.815562322011631147e-01 5.452748761946471512e-02 -2.467303013416454860e+00 -1.769695204615233039e-02 1.986989115647191273e+00 8.728239438038789544e-01 5.000000000000000104e-03 5.000000000000000104e-03
2.220957253524471695e-02 -4.809785859441359501e-01 5.463115204459677299e-02 -2.467514246350341001e+00 -1.773059644167733484e-02 1.987780356690636685e+00 8.729901525118759498e-01 5.000000000000000104e-03 5.000000000000000104e-03
2.225171593663986813e-02 -4.804009396871087856e-01 5.473481646972883086e-02 -2.467725479284227141e+00 -1.776424083720233929e-02 1.988571597734082097e+00 8.731563612198729452e-01 5.000000000000000104e-03 5.000000000000000104e-03
2.229385933803501932e-02 -4.798232934300816210e-01 5.483848089486089566e-02 -2.467936712218113282e+00 -1.779788523272734374e-02 1.989362838777527509e+00 8.733225699278699405e-01 5.000000000000000104e-03 5.000000000000000104e-03
2.233600273943017051e-02 -4.792456471730544565e-01 5.494214531999296047e-02 -2.468147945151999423e+00 -1.783152962825234819e-02 1.990154079820972921e+00 8.734887786358669359e-01 5.000000000000000104e-03 5.000000000000000104e-03
2.237814614082532169e-02 -4.786680009160272919e-01 5.504580974512501834e-02 -2.468359178085885564e+00 -1.786517402377735264e-02 1.990945320864418333e+00 8.736549873438639313e-01 5.000000000000000104e-03 5.000000000000000104e-03
2.242028954222047288e-02 -4.780903546590001274e-01 5.514947417025707621e-02 -2.468570411019771704e+00 -1.789881841930235709e-02 1.991736561907863745e+00 8.738211960518609267e-01 5.000000000000000104e-03 5.000000000000000104e-03
2.246243294361562406e-02 -4.775127084019729629e-01 5.525313859538914102e-02 -2.468781643953657845e+00 -1.793246281482736154e-02 1.992527802951309157e+00 8.739874047598579221e-01 5.000000000000000104e-03 5.000000000000000104e-03
2.250457634501077525e-02 -4.769350621449457983e-01 5.535680302052120583e-02 -2.468992876887543986e+00 -1.796610721035236599e-02 1.993319043994754569e+00 8.741536134678549175e-01 5.000000000000000104e-03 5.000000000000000104e-03
2.254671974640592644e-02 -4.763574158879186338e-01 5.546046744565326370e-02 -2.469204109821430126e+00 -1.799975160587737044e-02 1.994110285038199981e+00 8.743198221758519129e-01 5.000000000000000104e-03 5.000000000000000104e-03
2.258886314780107762e-02 -4.757797696308914692e-01 5.556413187078532157e-02 -2.469415342755316267e+00 -1.803339600140237489e-02 1.994901526081645393e+00 8.744860308838489082e-01 5.000000000000000104e-03 5.000000000000000104e-03
2.263100654919622881e-02 -4.752021233738643047e-01 5.566779629591738637e-02 -2.469626575689202408e+00 -1.806704039692737934e-02 1.995692767125090805e+00 8.746522395918459036e-01 5.000000000000000104e-03 5.000000000000000104e-03
2.267314995059138000e-02 -4.746244771168371401e-01 5.577146072104945118e-02 -2.469837808623088549e+00 -1.810068479245238379e-02 1.996484008168536217e+00 8.748184482998428990e-01 5.000000000000000104e-03 5.000000000000000104e-03
2.271529335198653118e-02 -4.740468308598099756e-01 5.587512514618150905e-02 -2.470049041556974689e+00 -1.813432918797738824e-02 1.997275249211981629e+00 8.749846570078398944e-01 5.000000000000000104e-03 5.000000000000000104e-03
2.275743675338168237e-02 -4.734691846027828110e-01 5.597878957131356692e-02 -2.470260274490860830e+00 -1.816797358350239269e-02 1.998066490255427041e+00 8.751508657158368898e-01 5.000000000000000104e-03 5.000000000000000104e-03
2.279958015477683356e-02 -4.728915383457556465e-01 5.608245399644563173e-02 -2.470471507424746971e+00 -1.820161797902739714e-02 1.998857731298872453e+00 8.753170744238338852e-01 5.000000000000000104e-03 5.000000000000000104e-03
2.284172355617198474e-02 -4.723138920887284820e-01 5.618611842157769654e-02 -2.470682740358633112e+00 -1.823526237455240159e-02 1.999648972342317865e+00 8.754832831318308806e-01 5.000000000000000104e-03 5.000000000000000104e-03
2.288386695756713593e-02 -4.717362458317013174e-01 5.628978284670975440e-02 -2.470893973292519252e+00 -1.826890677007740604e-02 2.000440213385763499e+00 8.756494918398279870e-01 5.000000000000000104e-03 5.000000000000000104e-03
2.292601035896228712e-02 -4.711585995746741529e-01 5.639344727184181227e-02 -2.471105206226405393e+00 -1.830255116560241049e-02 2.001231454429209133e+00 8.758157005478250934e-01 5.000000000000000104e-03 5.000000000000000104e-03
2.296815376035743830e-02 -4.705809533176469883e-01 5.649711169697387708e-02 -2.471316439160291534e+00 -1.833619556112741494e-02 2.002022695472654767e+00 8.759819092558220888e-01 5.000000000000000104e-03 5.000000000000000104e-03
2.301029716175258949e-02 -4.700033070606198238e-01 5.660077612210594189e-02 -2.471527672094177674e+00 -1.836983995665241939e-02 2.002813936516099957e+00 8.761481179638190842e-01 5.000000000000000104e-03 5.000000000000000104e-03
2.305244056314774068e-02 -4.694256608035926592e-01 5.670444054723799976e-02 -2.471738905028063815e+00 -1.840348435217742384e-02 2.003605177559545591e+00 8.763143266718161906e-01 5.000000000000000104e-03 5.000000000000000104e-03
2.309458396454289186e-02 -4.688480145465655502e-01 5.680810497237005763e-02 -2.471950137961949956e+00 -1.843712874770242829e-02 2.004396418602991226e+00 8.764805353798132970e-01 5.000000000000000104e-03 5.000000000000000104e-03
2.313672736593804305e-02 -4.682703682895383857e-01 5.691176939750212244e-02 -2.472161370895836097e+00 -1.847077314322743274e-02 2.005187659646436416e+00 8.766467440878102924e-01 5.000000000000000104e-03 5.000000000000000104e-03
2.317887076733319424e-02 -4.676927220325112211e-01 5.701543382263418724e-02 -2.472372603829722237e+00 -1.850441753875243719e-02 2.005978900689881606e+00 8.768129527958072877e-01 5.000000000000000104e-03 5.000000000000000104e-03
2.322101416872834542e-02 -4.671150757754841121e-01 5.711909824776624511e-02 -2.472583836763608378e+00 -1.853806193427744164e-02 2.006770141733327240e+00 8.769791615038043942e-01 5.000000000000000104e-03 5.000000000000000104e-03
2.326315757012349661e-02 -4.665374295184570030e-01 5.722276267289830298e-02 -2.472795069697494519e+00 -1.857170632980244609e-02 2.007561382776772874e+00 8.771453702118015006e-01 5.000000000000000104e-03 5.000000000000000104e-03
2.330530097151864780e-02 -4.659597832614298385e-01 5.732642709803036779e-02 -2.473006302631380660e+00 -1.860535072532745055e-02 2.008352623820218064e+00 8.773115789197984959e-01 5.000000000000000104e-03 5.000000000000000104e-03
2.334744437291379898e-02 -4.653821370044026740e-01 5.743009152316243260e-02 -2.473217535565266800e+00 -1.863899512085245500e-02 2.009143864863663254e+00 8.774777876277954913e-01 5.000000000000000104e-03 5.000000000000000104e-03
2.338958777430895017e-02 -4.648044907473755649e-01 5.753375594829449047e-02 -2.473428768499152941e+00 -1.867263951637745945e-02 2.009935105907108888e+00 8.776439963357925977e-01 5.000000000000000104e-03 5.000000000000000104e-03
2.343173117570410136e-02 -4.642268444903484559e-01 5.763742037342654834e-02 -2.473640001433039082e+00 -1.870628391190246390e-02 2.010726346950554522e+00 8.778102050437897041e-01 5.000000000000000104e-03 5.000000000000000104e-03
2.347387457709925254e-02 -4.636491982333212913e-01 5.774108479855861314e-02 -2.473851234366925222e+00 -1.873992830742746835e-02 2.011517587993999712e+00 8.779764137517866995e-01 5.000000000000000104e-03 5.000000000000000104e-03
2.351601797849440373e-02 -4.630715519762941268e-01 5.784474922369067795e-02 -2.474062467300811363e+00 -1.877357270295247280e-02 2.012308829037444902e+00 8.781426224597836949e-01 5.000000000000000104e-03 5.000000000000000104e-03
2.355816137988955492e-02 -4.624939057192670178e-01 5.794841364882273582e-02 -2.474273700234697504e+00 -1.880721709847747725e-02 2.013100070080890536e+00 8.783088311677808013e-01 5.000000000000000104e-03 5.000000000000000104e-03
2.360030478128470610e-02 -4.619162594622399087e-01 5.805207807395479369e-02 -2.474484933168583645e+00 -1.884086149400248170e-02 2.013891311124336170e+00 8.784750398757779077e-01 5.000000000000000104e-03 5.000000000000000104e-03
2.364244818267986076e-02 -4.613386132052127442e-01 5.815574249908685850e-02 -2.474696166102469785e+00 -1.887450588952748615e-02 2.014682552167781360e+00 8.786412485837749031e-01 5.000000000000000104e-03 5.000000000000000104e-03
2.368459158407501194e-02 -4.607609669481855796e-01 5.825940692421892331e-02 -2.474907399036355926e+00 -1.890815028505249060e-02 2.015473793211226994e+00 8.788074572917718985e-01 5.000000000000000104e-03 5.000000000000000104e-03
2.372673498547016313e-02 -4.601833206911584151e-01 5.836307134935098812e-02 -2.475118631970242067e+00 -1.894179468057749505e-02 2.016265034254672628e+00 8.789736659997688939e-01 5.000000000000000104e-03 5.000000000000000104e-03
2.376887838686531432e-02 -4.596056744341312505e-01 5.846673577448305292e-02 -2.475329864904128208e+00 -1.897543907610249950e-02 2.017056275298118262e+00 8.791398747077658893e-01 5.000000000000000104e-03 5.000000000000000104e-03
2.381102178826046550e-02 -4.590280281771040860e-01 5.857040019961511773e-02 -2.475541097838014348e+00 -1.900908347162750395e-02 2.017847516341563896e+00 8.793060834157628847e-01 5.000000000000000104e-03 5.000000000000000104e-03
2.385316518965561669e-02 -4.584503819200769215e-01 5.867406462474718254e-02 -2.475752330771900489e+00 -1.904272786715250840e-02 2.018638757385009086e+00 8.794722921237598801e-01 5.000000000000000104e-03 5.000000000000000104e-03
2.389530859105076788e-02 -4.578727356630497569e-01 5.877772904987924735e-02 -2.475963563705786630e+00 -1.907637226267751285e-02 2.019429998428454276e+00 8.796385008317568754e-01 5.000000000000000104e-03 5.000000000000000104e-03
2.393745199244591906e-02 -4.572950894060225924e-01 5.888139347501131216e-02 -2.476174796639672770e+00 -1.911001665820251730e-02 2.020221239471899910e+00 8.798047095397538708e-01 5.000000000000000104e-03 5.000000000000000104e-03
2.397959539384107025e-02 -4.567174431489954278e-01 5.898505790014337696e-02 -2.476386029573558911e+00 -1.914366105372752175e-02 2.021012480515345544e+00 8.799709182477508662e-01 5.000000000000000104e-03 5.000000000000000104e-03
2.402173879523622144e-02 -4.561397968919682633e-01 5.908872232527544177e-02 -2.476597262507445052e+00 -1.917730544925252620e-02 2.021803721558790734e+00 8.801371269557478616e-01 5.000000000000000104e-03 5.000000000000000104e-03
2.406388219663137262e-02 -4.555621506349410987e-01 5.919238675040750658e-02 -2.476808495441331193e+00 -1.921094984477753065e-02 2.022594962602235924e+00 8.803033356637448570e-01 5.000000000000000104e-03 5.000000000000000104e-03
2.410602559802652381e-02 -4.549845043779139342e-01 5.929605117553957139e-02 -2.477019728375217333e+00 -1.924459424030253510e-02 2.023386203645681558e+00 8.804695443717418524e-01 5.000000000000000104e-03 5.000000000000000104e-03
2.414816899942167500e-02 -4.544068581208867696e-01 5.939971560067162926e-02 -2.477230961309103474e+00 -1.927823863582753955e-02 2.024177444689127192e+00 8.806357530797388478e-01 5.000000000000000104e-03 5.000000000000000104e-03
2.419031240081682618e-02 -4.538292118638596051e-01 5.950338002580369406e-02 -2.477442194242989615e+00 -1.931188303135254400e-02 2.024968685732572382e+00 8.808019617877358431e-01 5.000000000000000104e-03 5.000000000000000104e-03
2.423245580221197737e-02 -4.532515656068324406e-01 5.960704445093575887e-02 -2.477653427176875756e+00 -1.934552742687754845e-02 2.025759926776017572e+00 8.809681704957328385e-01 5.000000000000000104e-03 5.000000000000000104e-03
2.427459920360712856e-02 -4.526739193498052760e-01 5.971070887606781674e-02 -2.477864660110761896e+00 -1.937917182240255290e-02 2.026551167819463206e+00 8.811343792037298339e-01 5.000000000000000104e-03 5.000000000000000104e-03
2.431674260500227974e-02 -4.520962730927781115e-01 5.981437330119987461e-02 -2.478075893044648037e+00 -1.941281621792755735e-02 2.027342408862908840e+00 8.813005879117268293e-01 5.000000000000000104e-03 5.000000000000000104e-03
2.435888600639743093e-02 -4.515186268357509469e-01 5.991803772633193942e-02 -2.478287125978534178e+00 -1.944646061345256180e-02 2.028133649906354030e+00 8.814667966197238247e-01 5.000000000000000104e-03 5.000000000000000104e-03
2.440102940779258212e-02 -4.509409805787237824e-01 6.002170215146400423e-02 -2.478498358912420318e+00 -1.948010500897756625e-02 2.028924890949799220e+00 8.816330053277208201e-01 5.000000000000000104e-03 5.000000000000000104e-03
2.444317280918773330e-02 -4.503633343216966178e-01 6.012536657659606210e-02 -2.478709591846306459e+00 -1.951374940450257070e-02 2.029716131993244854e+00 8.817992140357178155e-01 5.000000000000000104e-03 5.000000000000000104e-03
2.448531621058288449e-02 -4.497856880646694533e-01 6.022903100172811997e-02 -2.478920824780192600e+00 -1.954739380002757515e-02 2.030507373036690488e+00 8.819654227437148108e-01 5.000000000000000104e-03 5.000000000000000104e-03
2.452745961197803568e-02 -4.492080418076422887e-01 6.033269542686018477e-02 -2.479132057714078741e+00 -1.958103819555257960e-02 2.031298614080135678e+00 8.821316314517118062e-01 5.000000000000000104e-03 5.000000000000000104e-03
2.456960301337318686e-02 -4.486303955506151242e-01 6.043635985199224958e-02 -2.479343290647964881e+00 -1.961468259107758405e-02 2.032089855123580868e+00 8.822978401597088016e-01 5.000000000000000104e-03 5.000000000000000104e-03
2.461174641476833805e-02 -4.480527492935879597e-01 6.054002427712430745e-02 -2.479554523581851022e+00 -1.964832698660258850e-02 2.032881096167026502e+00 8.824640488677057970e-01 5.000000000000000104e-03 5.000000000000000104e-03
2.465388981616348923e-02 -4.474751030365607951e-01 6.064368870225636532e-02 -2.479765756515737163e+00 -1.968197138212759295e-02 2.033672337210472136e+00 8.826302575757027924e-01 5.000000000000000104e-03 5.000000000000000104e-03
2.469603321755864042e-02 -4.468974567795336306e-01 6.074735312738843013e-02 -2.479976989449623304e+00 -1.971561577765259740e-02 2.034463578253917326e+00 8.827964662836997878e-01 5.000000000000000104e-03 5.000000000000000104e-03
2.473817661895379161e-02 -4.463198105225064660e-01 6.085101755252049494e-02 -2.480188222383509444e+00 -1.974926017317760185e-02 2.035254819297362516e+00 8.829626749916967832e-01 5.000000000000000104e-03 5.000000000000000104e-03
2.478032002034894279e-02 -4.457421642654793015e-01 6.095468197765255280e-02 -2.480399455317395585e+00 -1.978290456870260630e-02 2.036046060340808150e+00 8.831288836996937786e-01 5.000000000000000104e-03 5.000000000000000104e-03
2.482246342174409398e-02 -4.451645180084521369e-01 6.105834640278461067e-02 -2.480610688251281726e+00 -1.981654896422761075e-02 2.036837301384253784e+00 8.832950924076907739e-01 5.000000000000000104e-03 5.000000000000000104e-03
2.486460682313924517e-02 -4.445868717514249724e-01 6.116201082791667548e-02 -2.480821921185167866e+00 -1.985019335975261520e-02 2.037628542427698974e+00 8.834613011156877693e-01 5.000000000000000104e-03 5.000000000000000104e-03
2.490675022453439635e-02 -4.440092254943978078e-01 6.126567525304874029e-02 -2.481033154119054007e+00 -1.988383775527761965e-02 2.038419783471144164e+00 8.836275098236847647e-01 5.000000000000000104e-03 5.000000000000000104e-03
2.494889362592954754e-02 -4.434315792373706433e-01 6.136933967818079816e-02 -2.481244387052940148e+00 -1.991748215080262410e-02 2.039211024514589798e+00 8.837937185316817601e-01 5.000000000000000104e-03 5.000000000000000104e-03
2.499103702732469873e-02 -4.428539329803434788e-01 6.147300410331285603e-02 -2.481455619986826289e+00 -1.995112654632762855e-02 2.040002265558035432e+00 8.839599272396787555e-01 5.000000000000000104e-03 5.000000000000000104e-03
2.503318042871984991e-02 -4.422762867233163142e-01 6.157666852844492084e-02 -2.481666852920712429e+00 -1.998477094185263300e-02 2.040793506601480622e+00 8.841261359476758619e-01 5.000000000000000104e-03 5.000000000000000104e-03
2.507532383011500110e-02 -4.416986404662891497e-01 6.168033295357698564e-02 -2.481878085854598570e+00 -2.001841533737763745e-02 2.041584747644925812e+00 8.842923446556729683e-01 5.000000000000000104e-03 5.000000000000000104e-03
2.511746723151015229e-02 -4.411209942092619851e-01 6.178399737870904351e-02 -2.482089318788484711e+00 -2.005205973290264190e-02 2.042375988688371447e+00 8.844585533636699637e-01 5.000000000000000104e-03 5.000000000000000104e-03
2.515961063290530347e-02 -4.405433479522348206e-01 6.188766180384110138e-02 -2.482300551722370852e+00 -2.008570412842764635e-02 2.043167229731817081e+00 8.846247620716669591e-01 5.000000000000000104e-03 5.000000000000000104e-03
2.520175403430045466e-02 -4.399657016952076560e-01 6.199132622897316619e-02 -2.482511784656256992e+00 -2.011934852395265080e-02 2.043958470775262271e+00 8.847909707796640655e-01 5.000000000000000104e-03 5.000000000000000104e-03
2.524389743569560585e-02 -4.393880554381804915e-01 6.209499065410523100e-02 -2.482723017590143133e+00 -2.015299291947765525e-02 2.044749711818707461e+00 8.849571794876611719e-01 5.000000000000000104e-03 5.000000000000000104e-03
2.528604083709075703e-02 -4.388104091811533825e-01 6.219865507923728887e-02 -2.482934250524029274e+00 -2.018663731500265970e-02 2.045540952862153095e+00 8.851233881956581673e-01 5.000000000000000104e-03 5.000000000000000104e-03
2.532818423848590822e-02 -4.382327629241262734e-01 6.230231950436934674e-02 -2.483145483457915415e+00 -2.022028171052766415e-02 2.046332193905598729e+00 8.852895969036551627e-01 5.000000000000000104e-03 5.000000000000000104e-03
2.537032763988105941e-02 -4.376551166670991089e-01 6.240598392950141154e-02 -2.483356716391801555e+00 -2.025392610605266860e-02 2.047123434949043919e+00 8.854558056116522691e-01 5.000000000000000104e-03 5.000000000000000104e-03
2.541247104127621059e-02 -4.370774704100719443e-01 6.250964835463347635e-02 -2.483567949325687696e+00 -2.028757050157767305e-02 2.047914675992489109e+00 8.856220143196493755e-01 5.000000000000000104e-03 5.000000000000000104e-03
2.545461444267136178e-02 -4.364998241530448353e-01 6.261331277976553422e-02 -2.483779182259573837e+00 -2.032121489710267750e-02 2.048705917035934743e+00 8.857882230276463709e-01 5.000000000000000104e-03 5.000000000000000104e-03
2.549675784406651297e-02 -4.359221778960177263e-01 6.271697720489759209e-02 -2.483990415193459977e+00 -2.035485929262768195e-02 2.049497158079380377e+00 8.859544317356433663e-01 5.000000000000000104e-03 5.000000000000000104e-03
2.553890124546166415e-02 -4.353445316389905617e-01 6.282064163002964996e-02 -2.484201648127346118e+00 -2.038850368815268640e-02 2.050288399122825567e+00 8.861206404436404727e-01 5.000000000000000104e-03 5.000000000000000104e-03
2.558104464685681534e-02 -4.347668853819633972e-01 6.292430605516170783e-02 -2.484412881061232259e+00 -2.042214808367769086e-02 2.051079640166270757e+00 8.862868491516375791e-01 5.000000000000000104e-03 5.000000000000000104e-03
2.562318804825196653e-02 -4.341892391249362881e-01 6.302797048029376570e-02 -2.484624113995118400e+00 -2.045579247920269531e-02 2.051870881209716391e+00 8.864530578596345745e-01 5.000000000000000104e-03 5.000000000000000104e-03
2.566533144964711771e-02 -4.336115928679091791e-01 6.313163490542583745e-02 -2.484835346929004540e+00 -2.048943687472769976e-02 2.052662122253162025e+00 8.866192665676315698e-01 5.000000000000000104e-03 5.000000000000000104e-03
2.570747485104226890e-02 -4.330339466108820146e-01 6.323529933055789531e-02 -2.485046579862890681e+00 -2.052308127025270421e-02 2.053453363296607215e+00 8.867854752756286763e-01 5.000000000000000104e-03 5.000000000000000104e-03
2.574961825243742009e-02 -4.324563003538548500e-01 6.333896375568995318e-02 -2.485257812796776822e+00 -2.055672566577770866e-02 2.054244604340052405e+00 8.869516839836257827e-01 5.000000000000000104e-03 5.000000000000000104e-03
2.579176165383257474e-02 -4.318786540968277410e-01 6.344262818082202493e-02 -2.485469045730662963e+00 -2.059037006130271311e-02 2.055035845383498039e+00 8.871178926916227780e-01 5.000000000000000104e-03 5.000000000000000104e-03
2.583390505522772593e-02 -4.313010078398005764e-01 6.354629260595408280e-02 -2.485680278664549103e+00 -2.062401445682771756e-02 2.055827086426943673e+00 8.872841013996197734e-01 5.000000000000000104e-03 5.000000000000000104e-03
2.587604845662287711e-02 -4.307233615827734119e-01 6.364995703108614067e-02 -2.485891511598435244e+00 -2.065765885235272201e-02 2.056618327470389307e+00 8.874503101076167688e-01 5.000000000000000104e-03 5.000000000000000104e-03
2.591819185801802830e-02 -4.301457153257462473e-01 6.375362145621819854e-02 -2.486102744532321385e+00 -2.069130324787772646e-02 2.057409568513834941e+00 8.876165188156137642e-01 5.000000000000000104e-03 5.000000000000000104e-03
2.596033525941317949e-02 -4.295680690687190828e-01 6.385728588135025641e-02 -2.486313977466207525e+00 -2.072494764340273091e-02 2.058200809557280131e+00 8.877827275236107596e-01 5.000000000000000104e-03 5.000000000000000104e-03
2.600247866080833067e-02 -4.289904228116919183e-01 6.396095030648231428e-02 -2.486525210400093666e+00 -2.075859203892773536e-02 2.058992050600725765e+00 8.879489362316077550e-01 5.000000000000000104e-03 5.000000000000000104e-03
2.604462206220348186e-02 -4.284127765546647537e-01 6.406461473161437215e-02 -2.486736443333979807e+00 -2.079223643445273981e-02 2.059783291644171399e+00 8.881151449396047504e-01 5.000000000000000104e-03 5.000000000000000104e-03
2.608676546359863305e-02 -4.278351302976375892e-01 6.416827915674643001e-02 -2.486947676267865948e+00 -2.082588082997774426e-02 2.060574532687616589e+00 8.882813536476017457e-01 5.000000000000000104e-03 5.000000000000000104e-03
2.612890886499378423e-02 -4.272574840406104246e-01 6.427194358187848788e-02 -2.487158909201752088e+00 -2.085952522550274871e-02 2.061365773731061779e+00 8.884475623555987411e-01 5.000000000000000104e-03 5.000000000000000104e-03
2.617105226638893542e-02 -4.266798377835832601e-01 6.437560800701054575e-02 -2.487370142135638229e+00 -2.089316962102775316e-02 2.062157014774507413e+00 8.886137710635957365e-01 5.000000000000000104e-03 5.000000000000000104e-03
2.621319566778408661e-02 -4.261021915265560955e-01 6.447927243214260362e-02 -2.487581375069524370e+00 -2.092681401655275761e-02 2.062948255817953047e+00 8.887799797715927319e-01 5.000000000000000104e-03 5.000000000000000104e-03
2.625533906917923779e-02 -4.255245452695289310e-01 6.458293685727466149e-02 -2.487792608003410511e+00 -2.096045841207776206e-02 2.063739496861398237e+00 8.889461884795897273e-01 5.000000000000000104e-03 5.000000000000000104e-03
2.629748247057438898e-02 -4.249468990125017664e-01 6.468660128240671936e-02 -2.488003840937296651e+00 -2.099410280760276651e-02 2.064530737904843427e+00 8.891123971875867227e-01 5.000000000000000104e-03 5.000000000000000104e-03
2.633962587196954017e-02 -4.243692527554746019e-01 6.479026570753877723e-02 -2.488215073871182792e+00 -2.102774720312777096e-02 2.065321978948289061e+00 8.892786058955837181e-01 5.000000000000000104e-03 5.000000000000000104e-03
2.638176927336469135e-02 -4.237916064984474374e-01 6.489393013267083510e-02 -2.488426306805068933e+00 -2.106139159865277541e-02 2.066113219991734695e+00 8.894448146035807135e-01 5.000000000000000104e-03 5.000000000000000104e-03
2.642391267475984254e-02 -4.232139602414202728e-01 6.499759455780289297e-02 -2.488637539738955073e+00 -2.109503599417777986e-02 2.066904461035179885e+00 8.896110233115777088e-01 5.000000000000000104e-03 5.000000000000000104e-03
2.646605607615499373e-02 -4.226363139843931083e-01 6.510125898293495084e-02 -2.488848772672841214e+00 -2.112868038970278431e-02 2.067695702078625075e+00 8.897772320195747042e-01 5.000000000000000104e-03 5.000000000000000104e-03
2.650819947755014491e-02 -4.220586677273659437e-01 6.520492340806700871e-02 -2.489060005606727355e+00 -2.116232478522778876e-02 2.068486943122070709e+00 8.899434407275716996e-01 5.000000000000000104e-03 5.000000000000000104e-03
2.655034287894529610e-02 -4.214810214703387792e-01 6.530858783319906657e-02 -2.489271238540613496e+00 -2.119596918075279321e-02 2.069278184165516343e+00 8.901096494355686950e-01 5.000000000000000104e-03 5.000000000000000104e-03
2.659248628034044729e-02 -4.209033752133116146e-01 6.541225225833112444e-02 -2.489482471474499636e+00 -2.122961357627779766e-02 2.070069425208961533e+00 8.902758581435656904e-01 5.000000000000000104e-03 5.000000000000000104e-03
2.663462968173559847e-02 -4.203257289562844501e-01 6.551591668346318231e-02 -2.489693704408385777e+00 -2.126325797180280211e-02 2.070860666252406723e+00 8.904420668515626858e-01 5.000000000000000104e-03 5.000000000000000104e-03
2.667677308313074966e-02 -4.197480826992572855e-01 6.561958110859525406e-02 -2.489904937342271918e+00 -2.129690236732780656e-02 2.071651907295852357e+00 8.906082755595596812e-01 5.000000000000000104e-03 5.000000000000000104e-03
2.671891648452590085e-02 -4.191704364422301210e-01 6.572324553372732581e-02 -2.490116170276158059e+00 -2.133054676285281101e-02 2.072443148339297991e+00 8.907744842675566765e-01 5.000000000000000104e-03 5.000000000000000104e-03
2.676105988592105203e-02 -4.185927901852029565e-01 6.582690995885938368e-02 -2.490327403210044199e+00 -2.136419115837781546e-02 2.073234389382743181e+00 8.909406929755536719e-01 5.000000000000000104e-03 5.000000000000000104e-03
2.680320328731620322e-02 -4.180151439281757919e-01 6.593057438399144154e-02 -2.490538636143930340e+00 -2.139783555390281991e-02 2.074025630426188371e+00 8.911069016835506673e-01 5.000000000000000104e-03 5.000000000000000104e-03
2.684534668871135440e-02 -4.174374976711486274e-01 6.603423880912351329e-02 -2.490749869077816481e+00 -2.143147994942782436e-02 2.074816871469634005e+00 8.912731103915476627e-01 5.000000000000000104e-03 5.000000000000000104e-03
2.688749009010650559e-02 -4.168598514141214628e-01 6.613790323425558504e-02 -2.490961102011702621e+00 -2.146512434495282881e-02 2.075608112513079639e+00 8.914393190995446581e-01 5.000000000000000104e-03 5.000000000000000104e-03
2.692963349150165678e-02 -4.162822051570942983e-01 6.624156765938764291e-02 -2.491172334945588762e+00 -2.149876874047783326e-02 2.076399353556524829e+00 8.916055278075416535e-01 5.000000000000000104e-03 5.000000000000000104e-03
2.697177689289680796e-02 -4.157045589000671337e-01 6.634523208451970078e-02 -2.491383567879474903e+00 -2.153241313600283771e-02 2.077190594599970019e+00 8.917717365155386489e-01 5.000000000000000104e-03 5.000000000000000104e-03
2.701392029429195915e-02 -4.151269126430399692e-01 6.644889650965177252e-02 -2.491594800813361044e+00 -2.156605753152784216e-02 2.077981835643415653e+00 8.919379452235356442e-01 5.000000000000000104e-03 5.000000000000000104e-03
2.705606369568711034e-02 -4.145492663860128046e-01 6.655256093478384427e-02 -2.491806033747247184e+00 -2.159970192705284661e-02 2.078773076686861287e+00 8.921041539315326396e-01 5.000000000000000104e-03 5.000000000000000104e-03
2.709820709708226152e-02 -4.139716201289856401e-01 6.665622535991590214e-02 -2.492017266681133325e+00 -2.163334632257785106e-02 2.079564317730306477e+00 8.922703626395296350e-01 5.000000000000000104e-03 5.000000000000000104e-03
2.714035049847741271e-02 -4.133939738719584756e-01 6.675988978504796001e-02 -2.492228499615019466e+00 -2.166699071810285551e-02 2.080355558773751667e+00 8.924365713475266304e-01 5.000000000000000104e-03 5.000000000000000104e-03
2.718249389987256390e-02 -4.128163276149313110e-01 6.686355421018003176e-02 -2.492439732548905607e+00 -2.170063511362785996e-02 2.081146799817197302e+00 8.926027800555237368e-01 5.000000000000000104e-03 5.000000000000000104e-03
2.722463730126771508e-02 -4.122386813579041465e-01 6.696721863531210350e-02 -2.492650965482791747e+00 -2.173427950915286441e-02 2.081938040860642936e+00 8.927689887635208432e-01 5.000000000000000104e-03 5.000000000000000104e-03
2.726678070266286627e-02 -4.116610351008769819e-01 6.707088306044416137e-02 -2.492862198416677888e+00 -2.176792390467786886e-02 2.082729281904088126e+00 8.929351974715178386e-01 5.000000000000000104e-03 5.000000000000000104e-03
2.730892410405801746e-02 -4.110833888438498174e-01 6.717454748557621924e-02 -2.493073431350564029e+00 -2.180156830020287331e-02 2.083520522947533316e+00 8.931014061795148340e-01 5.000000000000000104e-03 5.000000000000000104e-03
2.735106750545316864e-02 -4.105057425868226528e-01 6.727821191070829099e-02 -2.493284664284450169e+00 -2.183521269572787776e-02 2.084311763990978950e+00 8.932676148875119404e-01 5.000000000000000104e-03 5.000000000000000104e-03
2.739321090684831983e-02 -4.099280963297955438e-01 6.738187633584036274e-02 -2.493495897218336310e+00 -2.186885709125288221e-02 2.085103005034424584e+00 8.934338235955090468e-01 5.000000000000000104e-03 5.000000000000000104e-03
2.743535430824347102e-02 -4.093504500727683793e-01 6.748554076097242060e-02 -2.493707130152222451e+00 -2.190250148677788666e-02 2.085894246077869774e+00 8.936000323035060422e-01 5.000000000000000104e-03 5.000000000000000104e-03
2.747749770963862220e-02 -4.087728038157412147e-01 6.758920518610447847e-02 -2.493918363086108592e+00 -2.193614588230289111e-02 2.086685487121314964e+00 8.937662410115030376e-01 5.000000000000000104e-03 5.000000000000000104e-03
2.751964111103377339e-02 -4.081951575587141057e-01 6.769286961123655022e-02 -2.494129596019994732e+00 -2.196979027782789556e-02 2.087476728164760598e+00 8.939324497195001440e-01 5.000000000000000104e-03 5.000000000000000104e-03
2.756178451242892458e-02 -4.076175113016869966e-01 6.779653403636862197e-02 -2.494340828953880873e+00 -2.200343467335290001e-02 2.088267969208206232e+00 8.940986584274972504e-01 5.000000000000000104e-03 5.000000000000000104e-03
2.760392791382407576e-02 -4.070398650446598321e-01 6.790019846150067984e-02 -2.494552061887767014e+00 -2.203707906887790446e-02 2.089059210251651422e+00 8.942648671354942458e-01 5.000000000000000104e-03 5.000000000000000104e-03
2.764607131521922695e-02 -4.064622187876326675e-01 6.800386288663273771e-02 -2.494763294821653155e+00 -2.207072346440290891e-02 2.089850451295096612e+00 8.944310758434912412e-01 5.000000000000000104e-03 5.000000000000000104e-03
2.768821471661437814e-02 -4.058845725306055585e-01 6.810752731176480945e-02 -2.494974527755539295e+00 -2.210436785992791336e-02 2.090641692338542246e+00 8.945972845514883476e-01 5.000000000000000104e-03 5.000000000000000104e-03
2.773035811800952932e-02 -4.053069262735784495e-01 6.821119173689688120e-02 -2.495185760689425436e+00 -2.213801225545291781e-02 2.091432933381987880e+00 8.947634932594854540e-01 5.000000000000000104e-03 5.000000000000000104e-03
2.777250151940468051e-02 -4.047292800165512849e-01 6.831485616202893907e-02 -2.495396993623311577e+00 -2.217165665097792226e-02 2.092224174425433070e+00 8.949297019674824494e-01 5.000000000000000104e-03 5.000000000000000104e-03
2.781464492079983170e-02 -4.041516337595241204e-01 6.841852058716099694e-02 -2.495608226557197717e+00 -2.220530104650292672e-02 2.093015415468878260e+00 8.950959106754794448e-01 5.000000000000000104e-03 5.000000000000000104e-03
2.785678832219498288e-02 -4.035739875024970114e-01 6.852218501229306868e-02 -2.495819459491083858e+00 -2.223894544202793117e-02 2.093806656512323894e+00 8.952621193834765512e-01 5.000000000000000104e-03 5.000000000000000104e-03
2.789893172359013407e-02 -4.029963412454699023e-01 6.862584943742514043e-02 -2.496030692424969999e+00 -2.227258983755293562e-02 2.094597897555769528e+00 8.954283280914736576e-01 5.000000000000000104e-03 5.000000000000000104e-03
2.794107512498528872e-02 -4.024186949884427378e-01 6.872951386255719830e-02 -2.496241925358856140e+00 -2.230623423307794007e-02 2.095389138599214718e+00 8.955945367994706530e-01 5.000000000000000104e-03 5.000000000000000104e-03
2.798321852638043991e-02 -4.018410487314155732e-01 6.883317828768925617e-02 -2.496453158292742280e+00 -2.233987862860294452e-02 2.096180379642660352e+00 8.957607455074676484e-01 5.000000000000000104e-03 5.000000000000000104e-03
2.802536192777559110e-02 -4.012634024743884087e-01 6.893684271282131404e-02 -2.496664391226628421e+00 -2.237352302412794897e-02 2.096971620686105986e+00 8.959269542154646437e-01 5.000000000000000104e-03 5.000000000000000104e-03
2.806750532917074228e-02 -4.006857562173612441e-01 6.904050713795337191e-02 -2.496875624160514562e+00 -2.240716741965295342e-02 2.097762861729551620e+00 8.960931629234616391e-01 5.000000000000000104e-03 5.000000000000000104e-03
2.810964873056589347e-02 -4.001081099603340796e-01 6.914417156308542978e-02 -2.497086857094400703e+00 -2.244081181517795787e-02 2.098554102772997254e+00 8.962593716314586345e-01 5.000000000000000104e-03 5.000000000000000104e-03
2.815179213196104466e-02 -3.995304637033069151e-01 6.924783598821748765e-02 -2.497298090028286843e+00 -2.247445621070296232e-02 2.099345343816442444e+00 8.964255803394556299e-01 5.000000000000000104e-03 5.000000000000000104e-03
2.819393553335619584e-02 -3.989528174462797505e-01 6.935150041334954552e-02 -2.497509322962172984e+00 -2.250810060622796677e-02 2.100136584859887634e+00 8.965917890474526253e-01 5.000000000000000104e-03 5.000000000000000104e-03
2.823607893475134703e-02 -3.983751711892525860e-01 6.945516483848160338e-02 -2.497720555896059125e+00 -2.254174500175297122e-02 2.100927825903333268e+00 8.967579977554496207e-01 5.000000000000000104e-03 5.000000000000000104e-03
2.827822233614649822e-02 -3.977975249322254214e-01 6.955882926361366125e-02 -2.497931788829945265e+00 -2.257538939727797567e-02 2.101719066946778902e+00 8.969242064634466161e-01 5.000000000000000104e-03 5.000000000000000104e-03
2.832036573754164940e-02 -3.972198786751982569e-01 6.966249368874571912e-02 -2.498143021763831406e+00 -2.260903379280298012e-02 2.102510307990224092e+00 8.970904151714436114e-01 5.000000000000000104e-03 5.000000000000000104e-03
2.836250913893680059e-02 -3.966422324181710923e-01 6.976615811387777699e-02 -2.498354254697717547e+00 -2.264267818832798457e-02 2.103301549033669282e+00 8.972566238794406068e-01 5.000000000000000104e-03 5.000000000000000104e-03
2.840465254033195178e-02 -3.960645861611439278e-01 6.986982253900983486e-02 -2.498565487631603688e+00 -2.267632258385298902e-02 2.104092790077114916e+00 8.974228325874376022e-01 5.000000000000000104e-03 5.000000000000000104e-03
2.844679594172710296e-02 -3.954869399041167632e-01 6.997348696414189273e-02 -2.498776720565489828e+00 -2.270996697937799347e-02 2.104884031120560550e+00 8.975890412954345976e-01 5.000000000000000104e-03 5.000000000000000104e-03
2.848893934312225415e-02 -3.949092936470895987e-01 7.007715138927395060e-02 -2.498987953499375969e+00 -2.274361137490299792e-02 2.105675272164005740e+00 8.977552500034315930e-01 5.000000000000000104e-03 5.000000000000000104e-03
2.853108274451740534e-02 -3.943316473900624342e-01 7.018081581440600847e-02 -2.499199186433262110e+00 -2.277725577042800237e-02 2.106466513207450930e+00 8.979214587114285884e-01 5.000000000000000104e-03 5.000000000000000104e-03
2.857322614591255652e-02 -3.937540011330352696e-01 7.028448023953806634e-02 -2.499410419367148251e+00 -2.281090016595300682e-02 2.107257754250896564e+00 8.980876674194255838e-01 5.000000000000000104e-03 5.000000000000000104e-03
2.861536954730770771e-02 -3.931763548760081051e-01 7.038814466467012421e-02 -2.499621652301034391e+00 -2.284454456147801127e-02 2.108048995294342198e+00 8.982538761274225791e-01 5.000000000000000104e-03 5.000000000000000104e-03
2.865751294870285890e-02 -3.925987086189809405e-01 7.049180908980218208e-02 -2.499832885234920532e+00 -2.287818895700301572e-02 2.108840236337787388e+00 8.984200848354195745e-01 5.000000000000000104e-03 5.000000000000000104e-03
2.869965635009801008e-02 -3.920210623619537760e-01 7.059547351493423994e-02 -2.500044118168806673e+00 -2.291183335252802017e-02 2.109631477381232578e+00 8.985862935434165699e-01 5.000000000000000104e-03 5.000000000000000104e-03
2.874179975149316127e-02 -3.914434161049266114e-01 7.069913794006629781e-02 -2.500255351102692813e+00 -2.294547774805302462e-02 2.110422718424678212e+00 8.987525022514135653e-01 5.000000000000000104e-03 5.000000000000000104e-03
2.878394315288831246e-02 -3.908657698478994469e-01 7.080280236519836956e-02 -2.500466584036578954e+00 -2.297912214357802907e-02 2.111213959468123846e+00 8.989187109594105607e-01 5.000000000000000104e-03 5.000000000000000104e-03
2.882608655428346364e-02 -3.902881235908722823e-01 7.090646679033042743e-02 -2.500677816970465095e+00 -2.301276653910303352e-02 2.112005200511569036e+00 8.990849196674075561e-01 5.000000000000000104e-03 5.000000000000000104e-03
2.886822995567861483e-02 -3.897104773338451178e-01 7.101013121546248530e-02 -2.500889049904351236e+00 -2.304641093462803797e-02 2.112796441555014226e+00 8.992511283754045515e-01 5.000000000000000104e-03 5.000000000000000104e-03
2.891037335707376602e-02 -3.891328310768179533e-01 7.111379564059455705e-02 -2.501100282838237376e+00 -2.308005533015304242e-02 2.113587682598459860e+00 8.994173370834015468e-01 5.000000000000000104e-03 5.000000000000000104e-03
2.895251675846891720e-02 -3.885551848197907887e-01 7.121746006572662879e-02 -2.501311515772123517e+00 -2.311369972567804687e-02 2.114378923641905494e+00 8.995835457913985422e-01 5.000000000000000104e-03 5.000000000000000104e-03
2.899466015986406839e-02 -3.879775385627636242e-01 7.132112449085868666e-02 -2.501522748706009658e+00 -2.314734412120305132e-02 2.115170164685350684e+00 8.997497544993955376e-01 5.000000000000000104e-03 5.000000000000000104e-03
2.903680356125921957e-02 -3.873998923057364596e-01 7.142478891599074453e-02 -2.501733981639895799e+00 -2.318098851672805577e-02 2.115961405728795874e+00 8.999159632073925330e-01 5.000000000000000104e-03 5.000000000000000104e-03
2.907894696265437076e-02 -3.868222460487092951e-01 7.152845334112281628e-02 -2.501945214573781939e+00 -2.321463291225306022e-02 2.116752646772241508e+00 9.000821719153895284e-01 5.000000000000000104e-03 5.000000000000000104e-03
2.912109036404952195e-02 -3.862445997916821305e-01 7.163211776625488802e-02 -2.502156447507668080e+00 -2.324827730777806467e-02 2.117543887815687143e+00 9.002483806233865238e-01 5.000000000000000104e-03 5.000000000000000104e-03
2.916323376544467313e-02 -3.856669535346549660e-01 7.173578219138694589e-02 -2.502367680441554221e+00 -2.328192170330306912e-02 2.118335128859132332e+00 9.004145893313835192e-01 5.000000000000000104e-03 5.000000000000000104e-03
2.920537716683982432e-02 -3.850893072776278014e-01 7.183944661651900376e-02 -2.502578913375440361e+00 -2.331556609882807357e-02 2.119126369902577522e+00 9.005807980393805146e-01 5.000000000000000104e-03 5.000000000000000104e-03
2.924752056823497551e-02 -3.845116610206006369e-01 7.194311104165107551e-02 -2.502790146309326502e+00 -2.334921049435307802e-02 2.119917610946023157e+00 9.007470067473775099e-01 5.000000000000000104e-03 5.000000000000000104e-03
2.928966396963012669e-02 -3.839340147635734724e-01 7.204677546678314726e-02 -2.503001379243212643e+00 -2.338285488987808247e-02 2.120708851989468791e+00 9.009132154553745053e-01 5.000000000000000104e-03 5.000000000000000104e-03
2.933180737102527788e-02 -3.833563685065463078e-01 7.215043989191520513e-02 -2.503212612177098784e+00 -2.341649928540308692e-02 2.121500093032913981e+00 9.010794241633716117e-01 5.000000000000000104e-03 5.000000000000000104e-03
2.937395077242042907e-02 -3.827787222495191433e-01 7.225410431704726300e-02 -2.503423845110984924e+00 -2.345014368092809137e-02 2.122291334076359171e+00 9.012456328713687181e-01 5.000000000000000104e-03 5.000000000000000104e-03
2.941609417381558025e-02 -3.822010759924919787e-01 7.235776874217933474e-02 -2.503635078044871065e+00 -2.348378807645309582e-02 2.123082575119804805e+00 9.014118415793657135e-01 5.000000000000000104e-03 5.000000000000000104e-03
2.945823757521073144e-02 -3.816234297354648142e-01 7.246143316731140649e-02 -2.503846310978757206e+00 -2.351743247197810027e-02 2.123873816163250439e+00 9.015780502873627089e-01 5.000000000000000104e-03 5.000000000000000104e-03
2.950038097660588263e-02 -3.810457834784376496e-01 7.256509759244346436e-02 -2.504057543912643347e+00 -2.355107686750310472e-02 2.124665057206695629e+00 9.017442589953598153e-01 5.000000000000000104e-03 5.000000000000000104e-03
2.954252437800103381e-02 -3.804681372214104851e-01 7.266876201757552223e-02 -2.504268776846529487e+00 -2.358472126302810917e-02 2.125456298250140819e+00 9.019104677033569217e-01 5.000000000000000104e-03 5.000000000000000104e-03
2.958466777939618500e-02 -3.798904909643833760e-01 7.277242644270759397e-02 -2.504480009780415628e+00 -2.361836565855311362e-02 2.126247539293586453e+00 9.020766764113539171e-01 5.000000000000000104e-03 5.000000000000000104e-03
2.962681118079133619e-02 -3.793128447073562670e-01 7.287609086783966572e-02 -2.504691242714301769e+00 -2.365201005407811807e-02 2.127038780337032087e+00 9.022428851193509125e-01 5.000000000000000104e-03 5.000000000000000104e-03
2.966895458218648737e-02 -3.787351984503291025e-01 7.297975529297172359e-02 -2.504902475648187909e+00 -2.368565444960312252e-02 2.127830021380477277e+00 9.024090938273480189e-01 5.000000000000000104e-03 5.000000000000000104e-03
2.971109798358163856e-02 -3.781575521933019379e-01 7.308341971810378146e-02 -2.505113708582074050e+00 -2.371929884512812697e-02 2.128621262423922467e+00 9.025753025353451253e-01 5.000000000000000104e-03 5.000000000000000104e-03
2.975324138497678975e-02 -3.775799059362748289e-01 7.318708414323585321e-02 -2.505324941515960191e+00 -2.375294324065313142e-02 2.129412503467368101e+00 9.027415112433421207e-01 5.000000000000000104e-03 5.000000000000000104e-03
2.979538478637194093e-02 -3.770022596792477199e-01 7.329074856836792495e-02 -2.505536174449846332e+00 -2.378658763617813587e-02 2.130203744510813735e+00 9.029077199513391161e-01 5.000000000000000104e-03 5.000000000000000104e-03
2.983752818776709212e-02 -3.764246134222205553e-01 7.339441299349998282e-02 -2.505747407383732472e+00 -2.382023203170314032e-02 2.130994985554258925e+00 9.030739286593362225e-01 5.000000000000000104e-03 5.000000000000000104e-03
2.987967158916224331e-02 -3.758469671651933908e-01 7.349807741863204069e-02 -2.505958640317618613e+00 -2.385387642722814477e-02 2.131786226597704115e+00 9.032401373673333289e-01 5.000000000000000104e-03 5.000000000000000104e-03
2.992181499055739449e-02 -3.752693209081662817e-01 7.360174184376411244e-02 -2.506169873251504754e+00 -2.388752082275314922e-02 2.132577467641149749e+00 9.034063460753303243e-01 5.000000000000000104e-03 5.000000000000000104e-03
2.996395839195254568e-02 -3.746916746511391727e-01 7.370540626889618419e-02 -2.506381106185390895e+00 -2.392116521827815367e-02 2.133368708684595383e+00 9.035725547833273197e-01 5.000000000000000104e-03 5.000000000000000104e-03
3.000610179334769687e-02 -3.741140283941120082e-01 7.380907069402824205e-02 -2.506592339119277035e+00 -2.395480961380315812e-02 2.134159949728040573e+00 9.037387634913244261e-01 5.000000000000000104e-03 5.000000000000000104e-03
3.004824519474284805e-02 -3.735363821370848436e-01 7.391273511916029992e-02 -2.506803572053163176e+00 -2.398845400932816257e-02 2.134951190771485763e+00 9.039049721993215325e-01 5.000000000000000104e-03 5.000000000000000104e-03
3.009038859613800271e-02 -3.729587358800577346e-01 7.401639954429237167e-02 -2.507014804987049317e+00 -2.402209840485316703e-02 2.135742431814931397e+00 9.040711809073185279e-01 5.000000000000000104e-03 5.000000000000000104e-03
3.013253199753315389e-02 -3.723810896230305700e-01 7.412006396942442954e-02 -2.507226037920935457e+00 -2.405574280037817148e-02 2.136533672858377031e+00 9.042373896153155233e-01 5.000000000000000104e-03 5.000000000000000104e-03
3.017467539892830508e-02 -3.718034433660034055e-01 7.422372839455648741e-02 -2.507437270854821598e+00 -2.408938719590317593e-02 2.137324913901822665e+00 9.044035983233125187e-01 5.000000000000000104e-03 5.000000000000000104e-03
3.021681880032345627e-02 -3.712257971089762409e-01 7.432739281968854528e-02 -2.507648503788707739e+00 -2.412303159142818038e-02 2.138116154945268299e+00 9.045698070313095140e-01 5.000000000000000104e-03 5.000000000000000104e-03
3.025896220171860745e-02 -3.706481508519490764e-01 7.443105724482060315e-02 -2.507859736722593880e+00 -2.415667598695318483e-02 2.138907395988713489e+00 9.047360157393065094e-01 5.000000000000000104e-03 5.000000000000000104e-03
3.030110560311375864e-02 -3.700705045949219119e-01 7.453472166995266102e-02 -2.508070969656480020e+00 -2.419032038247818928e-02 2.139698637032159123e+00 9.049022244473035048e-01 5.000000000000000104e-03 5.000000000000000104e-03
3.034324900450890983e-02 -3.694928583378947473e-01 7.463838609508471889e-02 -2.508282202590366161e+00 -2.422396477800319373e-02 2.140489878075604757e+00 9.050684331553005002e-01 5.000000000000000104e-03 5.000000000000000104e-03
3.038539240590406101e-02 -3.689152120808675828e-01 7.474205052021677675e-02 -2.508493435524252302e+00 -2.425760917352819818e-02 2.141281119119049947e+00 9.052346418632974956e-01 5.000000000000000104e-03 5.000000000000000104e-03
3.042753580729921220e-02 -3.683375658238404182e-01 7.484571494534883462e-02 -2.508704668458138443e+00 -2.429125356905320263e-02 2.142072360162495137e+00 9.054008505712944910e-01 5.000000000000000104e-03 5.000000000000000104e-03
3.046967920869436339e-02 -3.677599195668132537e-01 7.494937937048089249e-02 -2.508915901392024583e+00 -2.432489796457820708e-02 2.142863601205940771e+00 9.055670592792914864e-01 5.000000000000000104e-03 5.000000000000000104e-03
3.051182261008951457e-02 -3.671822733097860891e-01 7.505304379561295036e-02 -2.509127134325910724e+00 -2.435854236010321153e-02 2.143654842249386405e+00 9.057332679872884817e-01 5.000000000000000104e-03 5.000000000000000104e-03
3.055396601148466576e-02 -3.666046270527589246e-01 7.515670822074500823e-02 -2.509338367259796865e+00 -2.439218675562821598e-02 2.144446083292831595e+00 9.058994766952854771e-01 5.000000000000000104e-03 5.000000000000000104e-03
3.059610941287981695e-02 -3.660269807957317600e-01 7.526037264587706610e-02 -2.509549600193683006e+00 -2.442583115115322043e-02 2.145237324336276785e+00 9.060656854032824725e-01 5.000000000000000104e-03 5.000000000000000104e-03
3.063825281427496813e-02 -3.654493345387045955e-01 7.536403707100912397e-02 -2.509760833127569146e+00 -2.445947554667822488e-02 2.146028565379722419e+00 9.062318941112794679e-01 5.000000000000000104e-03 5.000000000000000104e-03
3.068039621567011932e-02 -3.648716882816774310e-01 7.546770149614118184e-02 -2.509972066061455287e+00 -2.449311994220322933e-02 2.146819806423168053e+00 9.063981028192764633e-01 5.000000000000000104e-03 5.000000000000000104e-03
3.072253961706527051e-02 -3.642940420246502664e-01 7.557136592127323971e-02 -2.510183298995341428e+00 -2.452676433772823378e-02 2.147611047466613243e+00 9.065643115272734587e-01 5.000000000000000104e-03 5.000000000000000104e-03
3.076468301846042169e-02 -3.637163957676231019e-01 7.567503034640529758e-02 -2.510394531929227568e+00 -2.456040873325323823e-02 2.148402288510058433e+00 9.067305202352704541e-01 5.000000000000000104e-03 5.000000000000000104e-03
3.080682641985557288e-02 -3.631387495105959373e-01 7.577869477153735545e-02 -2.510605764863113709e+00 -2.459405312877824268e-02 2.149193529553504067e+00 9.068967289432674495e-01 5.000000000000000104e-03 5.000000000000000104e-03
3.084896982125072407e-02 -3.625611032535687728e-01 7.588235919666941331e-02 -2.510816997796999850e+00 -2.462769752430324713e-02 2.149984770596949701e+00 9.070629376512644448e-01 5.000000000000000104e-03 5.000000000000000104e-03
3.089111322264587525e-02 -3.619834569965416082e-01 7.598602362180147118e-02 -2.511028230730885991e+00 -2.466134191982825158e-02 2.150776011640394891e+00 9.072291463592614402e-01 5.000000000000000104e-03 5.000000000000000104e-03
3.093325662404102644e-02 -3.614058107395144437e-01 7.608968804693352905e-02 -2.511239463664772131e+00 -2.469498631535325603e-02 2.151567252683840081e+00 9.073953550672584356e-01 5.000000000000000104e-03 5.000000000000000104e-03
3.097540002543617763e-02 -3.608281644824872791e-01 7.619335247206560080e-02 -2.511450696598658272e+00 -2.472863071087826048e-02 2.152358493727285715e+00 9.075615637752554310e-01 5.000000000000000104e-03 5.000000000000000104e-03
3.101754342683132881e-02 -3.602505182254601146e-01 7.629701689719767255e-02 -2.511661929532544413e+00 -2.476227510640326493e-02 2.153149734770731349e+00 9.077277724832524264e-01 5.000000000000000104e-03 5.000000000000000104e-03
3.105968682822648000e-02 -3.596728719684329501e-01 7.640068132232973042e-02 -2.511873162466430554e+00 -2.479591950192826938e-02 2.153940975814176539e+00 9.078939811912494218e-01 5.000000000000000104e-03 5.000000000000000104e-03
3.110183022962163119e-02 -3.590952257114057855e-01 7.650434574746178829e-02 -2.512084395400316694e+00 -2.482956389745327383e-02 2.154732216857621729e+00 9.080601898992464172e-01 5.000000000000000104e-03 5.000000000000000104e-03
3.114397363101678237e-02 -3.585175794543786210e-01 7.660801017259386003e-02 -2.512295628334202835e+00 -2.486320829297827828e-02 2.155523457901067363e+00 9.082263986072434125e-01 5.000000000000000104e-03 5.000000000000000104e-03
3.118611703241193356e-02 -3.579399331973514564e-01 7.671167459772593178e-02 -2.512506861268088976e+00 -2.489685268850328273e-02 2.156314698944512998e+00 9.083926073152404079e-01 5.000000000000000104e-03 5.000000000000000104e-03
3.122826043380708474e-02 -3.573622869403242919e-01 7.681533902285798965e-02 -2.512718094201975116e+00 -2.493049708402828718e-02 2.157105939987958187e+00 9.085588160232374033e-01 5.000000000000000104e-03 5.000000000000000104e-03
3.127040383520223593e-02 -3.567846406832971273e-01 7.691900344799004752e-02 -2.512929327135861257e+00 -2.496414147955329163e-02 2.157897181031403377e+00 9.087250247312343987e-01 5.000000000000000104e-03 5.000000000000000104e-03
3.131254723659739059e-02 -3.562069944262699628e-01 7.702266787312211926e-02 -2.513140560069747398e+00 -2.499778587507829608e-02 2.158688422074849012e+00 9.088912334392313941e-01 5.000000000000000104e-03 5.000000000000000104e-03
3.135469063799253830e-02 -3.556293481692427982e-01 7.712633229825419101e-02 -2.513351793003633539e+00 -2.503143027060330053e-02 2.159479663118294646e+00 9.090574421472283895e-01 5.000000000000000104e-03 5.000000000000000104e-03
3.139683403938769296e-02 -3.550517019122156337e-01 7.722999672338624888e-02 -2.513563025937519679e+00 -2.506507466612830498e-02 2.160270904161739836e+00 9.092236508552253849e-01 5.000000000000000104e-03 5.000000000000000104e-03
3.143897744078284762e-02 -3.544740556551884691e-01 7.733366114851830675e-02 -2.513774258871405820e+00 -2.509871906165330943e-02 2.161062145205185026e+00 9.093898595632223802e-01 5.000000000000000104e-03 5.000000000000000104e-03
3.148112084217799533e-02 -3.538964093981613046e-01 7.743732557365037850e-02 -2.513985491805291961e+00 -2.513236345717831388e-02 2.161853386248630660e+00 9.095560682712194867e-01 5.000000000000000104e-03 5.000000000000000104e-03
3.152326424357314305e-02 -3.533187631411341401e-01 7.754098999878245024e-02 -2.514196724739178102e+00 -2.516600785270331833e-02 2.162644627292076294e+00 9.097222769792165931e-01 5.000000000000000104e-03 5.000000000000000104e-03
3.156540764496829771e-02 -3.527411168841069755e-01 7.764465442391450811e-02 -2.514407957673064242e+00 -2.519965224822832278e-02 2.163435868335521484e+00 9.098884856872135884e-01 5.000000000000000104e-03 5.000000000000000104e-03
3.160755104636345236e-02 -3.521634706270798110e-01 7.774831884904656598e-02 -2.514619190606950383e+00 -2.523329664375332723e-02 2.164227109378966674e+00 9.100546943952105838e-01 5.000000000000000104e-03 5.000000000000000104e-03
3.164969444775860008e-02 -3.515858243700526464e-01 7.785198327417863773e-02 -2.514830423540836524e+00 -2.526694103927833168e-02 2.165018350422412308e+00 9.102209031032076902e-01 5.000000000000000104e-03 5.000000000000000104e-03
3.169183784915374780e-02 -3.510081781130255374e-01 7.795564769931070948e-02 -2.515041656474722664e+00 -2.530058543480333613e-02 2.165809591465857942e+00 9.103871118112047967e-01 5.000000000000000104e-03 5.000000000000000104e-03
3.173398125054890245e-02 -3.504305318559983728e-01 7.805931212444276734e-02 -2.515252889408608805e+00 -2.533422983032834058e-02 2.166600832509303132e+00 9.105533205192017920e-01 5.000000000000000104e-03 5.000000000000000104e-03
3.177612465194405711e-02 -3.498528855989712083e-01 7.816297654957482521e-02 -2.515464122342494946e+00 -2.536787422585334503e-02 2.167392073552748322e+00 9.107195292271987874e-01 5.000000000000000104e-03 5.000000000000000104e-03
3.181826805333920483e-02 -3.492752393419440993e-01 7.826664097470689696e-02 -2.515675355276381087e+00 -2.540151862137834948e-02 2.168183314596193956e+00 9.108857379351958938e-01 5.000000000000000104e-03 5.000000000000000104e-03
3.186041145473435254e-02 -3.486975930849169902e-01 7.837030539983896871e-02 -2.515886588210267227e+00 -2.543516301690335393e-02 2.168974555639639590e+00 9.110519466431930002e-01 5.000000000000000104e-03 5.000000000000000104e-03
3.190255485612950720e-02 -3.481199468278898257e-01 7.847396982497102658e-02 -2.516097821144153368e+00 -2.546880741242835838e-02 2.169765796683084780e+00 9.112181553511899956e-01 5.000000000000000104e-03 5.000000000000000104e-03
3.194469825752466186e-02 -3.475423005708626611e-01 7.857763425010308445e-02 -2.516309054078039509e+00 -2.550245180795336283e-02 2.170557037726529970e+00 9.113843640591869910e-01 5.000000000000000104e-03 5.000000000000000104e-03
3.198684165891980957e-02 -3.469646543138355521e-01 7.868129867523515619e-02 -2.516520287011925650e+00 -2.553609620347836728e-02 2.171348278769975604e+00 9.115505727671840974e-01 5.000000000000000104e-03 5.000000000000000104e-03
3.202898506031495729e-02 -3.463870080568084431e-01 7.878496310036722794e-02 -2.516731519945811790e+00 -2.556974059900337173e-02 2.172139519813421238e+00 9.117167814751812038e-01 5.000000000000000104e-03 5.000000000000000104e-03
3.207112846171011195e-02 -3.458093617997812785e-01 7.888862752549928581e-02 -2.516942752879697931e+00 -2.560338499452837618e-02 2.172930760856866428e+00 9.118829901831781992e-01 5.000000000000000104e-03 5.000000000000000104e-03
3.211327186310526660e-02 -3.452317155427541140e-01 7.899229195063134368e-02 -2.517153985813584072e+00 -2.563702939005338063e-02 2.173722001900311618e+00 9.120491988911751946e-01 5.000000000000000104e-03 5.000000000000000104e-03
3.215541526450041432e-02 -3.446540692857270050e-01 7.909595637576341542e-02 -2.517365218747470212e+00 -2.567067378557838508e-02 2.174513242943757252e+00 9.122154075991723010e-01 5.000000000000000104e-03 5.000000000000000104e-03
3.219755866589556204e-02 -3.440764230286998959e-01 7.919962080089548717e-02 -2.517576451681356353e+00 -2.570431818110338953e-02 2.175304483987202886e+00 9.123816163071694074e-01 5.000000000000000104e-03 5.000000000000000104e-03
3.223970206729071669e-02 -3.434987767716727314e-01 7.930328522602754504e-02 -2.517787684615242494e+00 -2.573796257662839398e-02 2.176095725030648076e+00 9.125478250151664028e-01 5.000000000000000104e-03 5.000000000000000104e-03
3.228184546868587135e-02 -3.429211305146455668e-01 7.940694965115960291e-02 -2.517998917549128635e+00 -2.577160697215339843e-02 2.176886966074093710e+00 9.127140337231633982e-01 5.000000000000000104e-03 5.000000000000000104e-03
3.232398887008101906e-02 -3.423434842576184023e-01 7.951061407629166078e-02 -2.518210150483014775e+00 -2.580525136767840289e-02 2.177678207117539344e+00 9.128802424311603936e-01 5.000000000000000104e-03 5.000000000000000104e-03
3.236613227147617372e-02 -3.417658380005912377e-01 7.961427850142371865e-02 -2.518421383416900916e+00 -2.583889576320340734e-02 2.178469448160984978e+00 9.130464511391573890e-01 5.000000000000000104e-03 5.000000000000000104e-03
3.240827567287132838e-02 -3.411881917435640732e-01 7.971794292655577652e-02 -2.518632616350787057e+00 -2.587254015872841179e-02 2.179260689204430612e+00 9.132126598471543844e-01 5.000000000000000104e-03 5.000000000000000104e-03
3.245041907426647609e-02 -3.406105454865369087e-01 7.982160735168783439e-02 -2.518843849284673198e+00 -2.590618455425341624e-02 2.180051930247875802e+00 9.133788685551513797e-01 5.000000000000000104e-03 5.000000000000000104e-03
3.249256247566162381e-02 -3.400328992295097441e-01 7.992527177681989226e-02 -2.519055082218559338e+00 -2.593982894977842069e-02 2.180843171291320992e+00 9.135450772631483751e-01 5.000000000000000104e-03 5.000000000000000104e-03
3.253470587705677847e-02 -3.394552529724825796e-01 8.002893620195195012e-02 -2.519266315152445479e+00 -2.597347334530342514e-02 2.181634412334766626e+00 9.137112859711453705e-01 5.000000000000000104e-03 5.000000000000000104e-03
3.257684927845193312e-02 -3.388776067154554150e-01 8.013260062708400799e-02 -2.519477548086331620e+00 -2.600711774082842959e-02 2.182425653378212260e+00 9.138774946791423659e-01 5.000000000000000104e-03 5.000000000000000104e-03
3.261899267984708084e-02 -3.382999604584282505e-01 8.023626505221606586e-02 -2.519688781020217760e+00 -2.604076213635343404e-02 2.183216894421657450e+00 9.140437033871393613e-01 5.000000000000000104e-03 5.000000000000000104e-03
3.266113608124222856e-02 -3.377223142014010859e-01 8.033992947734812373e-02 -2.519900013954103901e+00 -2.607440653187843849e-02 2.184008135465102640e+00 9.142099120951363567e-01 5.000000000000000104e-03 5.000000000000000104e-03
3.270327948263738321e-02 -3.371446679443739214e-01 8.044359390248018160e-02 -2.520111246887990042e+00 -2.610805092740344294e-02 2.184799376508548274e+00 9.143761208031333521e-01 5.000000000000000104e-03 5.000000000000000104e-03
3.274542288403253787e-02 -3.365670216873467568e-01 8.054725832761223947e-02 -2.520322479821876183e+00 -2.614169532292844739e-02 2.185590617551993908e+00 9.145423295111303474e-01 5.000000000000000104e-03 5.000000000000000104e-03
3.278756628542768559e-02 -3.359893754303195923e-01 8.065092275274429734e-02 -2.520533712755762323e+00 -2.617533971845345184e-02 2.186381858595439098e+00 9.147085382191273428e-01 5.000000000000000104e-03 5.000000000000000104e-03
3.282970968682283330e-02 -3.354117291732924278e-01 8.075458717787635521e-02 -2.520744945689648464e+00 -2.620898411397845629e-02 2.187173099638884288e+00 9.148747469271243382e-01 5.000000000000000104e-03 5.000000000000000104e-03
3.287185308821798796e-02 -3.348340829162652632e-01 8.085825160300841308e-02 -2.520956178623534605e+00 -2.624262850950346074e-02 2.187964340682329922e+00 9.150409556351213336e-01 5.000000000000000104e-03 5.000000000000000104e-03
3.291399648961314262e-02 -3.342564366592380987e-01 8.096191602814047095e-02 -2.521167411557420746e+00 -2.627627290502846519e-02 2.188755581725775556e+00 9.152071643431183290e-01 5.000000000000000104e-03 5.000000000000000104e-03
3.295613989100829033e-02 -3.336787904022109341e-01 8.106558045327252882e-02 -2.521378644491306886e+00 -2.630991730055346964e-02 2.189546822769220746e+00 9.153733730511153244e-01 5.000000000000000104e-03 5.000000000000000104e-03
3.299828329240343805e-02 -3.331011441451837696e-01 8.116924487840458668e-02 -2.521589877425193027e+00 -2.634356169607847409e-02 2.190338063812665936e+00 9.155395817591123198e-01 5.000000000000000104e-03 5.000000000000000104e-03
3.304042669379859271e-02 -3.325234978881566050e-01 8.127290930353664455e-02 -2.521801110359079168e+00 -2.637720609160347854e-02 2.191129304856111570e+00 9.157057904671093151e-01 5.000000000000000104e-03 5.000000000000000104e-03
3.308257009519374736e-02 -3.319458516311294405e-01 8.137657372866871630e-02 -2.522012343292965308e+00 -2.641085048712848299e-02 2.191920545899557204e+00 9.158719991751063105e-01 5.000000000000000104e-03 5.000000000000000104e-03
3.312471349658889508e-02 -3.313682053741022759e-01 8.148023815380077417e-02 -2.522223576226851449e+00 -2.644449488265348744e-02 2.192711786943002394e+00 9.160382078831033059e-01 5.000000000000000104e-03 5.000000000000000104e-03
3.316685689798404280e-02 -3.307905591170751114e-01 8.158390257893283204e-02 -2.522434809160737590e+00 -2.647813927817849189e-02 2.193503027986447584e+00 9.162044165911003013e-01 5.000000000000000104e-03 5.000000000000000104e-03
3.320900029937919745e-02 -3.302129128600479469e-01 8.168756700406490379e-02 -2.522646042094623731e+00 -2.651178367370349634e-02 2.194294269029893218e+00 9.163706252990972967e-01 5.000000000000000104e-03 5.000000000000000104e-03
3.325114370077435211e-02 -3.296352666030207823e-01 8.179123142919697553e-02 -2.522857275028509871e+00 -2.654542806922850079e-02 2.195085510073338853e+00 9.165368340070942921e-01 5.000000000000000104e-03 5.000000000000000104e-03
3.329328710216949982e-02 -3.290576203459936178e-01 8.189489585432903340e-02 -2.523068507962396012e+00 -2.657907246475350524e-02 2.195876751116784042e+00 9.167030427150912875e-01 5.000000000000000104e-03 5.000000000000000104e-03
3.333543050356464754e-02 -3.284799740889664532e-01 8.199856027946109127e-02 -2.523279740896282153e+00 -2.661271686027850969e-02 2.196667992160229232e+00 9.168692514230882828e-01 5.000000000000000104e-03 5.000000000000000104e-03
3.337757390495980220e-02 -3.279023278319392887e-01 8.210222470459316302e-02 -2.523490973830168294e+00 -2.664636125580351414e-02 2.197459233203674867e+00 9.170354601310852782e-01 5.000000000000000104e-03 5.000000000000000104e-03
3.341971730635495685e-02 -3.273246815749121241e-01 8.220588912972523477e-02 -2.523702206764054434e+00 -2.668000565132851859e-02 2.198250474247120501e+00 9.172016688390822736e-01 5.000000000000000104e-03 5.000000000000000104e-03
3.346186070775010457e-02 -3.267470353178849596e-01 8.230955355485729263e-02 -2.523913439697940575e+00 -2.671365004685352304e-02 2.199041715290565691e+00 9.173678775470792690e-01 5.000000000000000104e-03 5.000000000000000104e-03
3.350400410914525229e-02 -3.261693890608577950e-01 8.241321797998935050e-02 -2.524124672631826716e+00 -2.674729444237852749e-02 2.199832956334010881e+00 9.175340862550762644e-01 5.000000000000000104e-03 5.000000000000000104e-03
3.354614751054040694e-02 -3.255917428038306305e-01 8.251688240512142225e-02 -2.524335905565712856e+00 -2.678093883790353194e-02 2.200624197377456515e+00 9.177002949630732598e-01 5.000000000000000104e-03 5.000000000000000104e-03
3.358829091193556160e-02 -3.250140965468034659e-01 8.262054683025349400e-02 -2.524547138499598997e+00 -2.681458323342853639e-02 2.201415438420902149e+00 9.178665036710702552e-01 5.000000000000000104e-03 5.000000000000000104e-03
3.363043431333070932e-02 -3.244364502897763014e-01 8.272421125538555187e-02 -2.524758371433485138e+00 -2.684822762895354084e-02 2.202206679464347339e+00 9.180327123790673616e-01 5.000000000000000104e-03 5.000000000000000104e-03
3.367257771472585703e-02 -3.238588040327491369e-01 8.282787568051760974e-02 -2.524969604367371279e+00 -2.688187202447854529e-02 2.202997920507792529e+00 9.181989210870644680e-01 5.000000000000000104e-03 5.000000000000000104e-03
3.371472111612101169e-02 -3.232811577757219723e-01 8.293154010564968148e-02 -2.525180837301257419e+00 -2.691551642000354974e-02 2.203789161551238163e+00 9.183651297950614634e-01 5.000000000000000104e-03 5.000000000000000104e-03
3.375686451751616635e-02 -3.227035115186948078e-01 8.303520453078175323e-02 -2.525392070235143560e+00 -2.694916081552855419e-02 2.204580402594683797e+00 9.185313385030584588e-01 5.000000000000000104e-03 5.000000000000000104e-03
3.379900791891131406e-02 -3.221258652616676432e-01 8.313886895591381110e-02 -2.525603303169029701e+00 -2.698280521105355864e-02 2.205371643638128987e+00 9.186975472110555652e-01 5.000000000000000104e-03 5.000000000000000104e-03
3.384115132030646178e-02 -3.215482190046404787e-01 8.324253338104586897e-02 -2.525814536102915842e+00 -2.701644960657856309e-02 2.206162884681574177e+00 9.188637559190526716e-01 5.000000000000000104e-03 5.000000000000000104e-03
3.388329472170161644e-02 -3.209705727476133696e-01 8.334619780617794071e-02 -2.526025769036801982e+00 -2.705009400210356754e-02 2.206954125725019811e+00 9.190299646270496670e-01 5.000000000000000104e-03 5.000000000000000104e-03
3.392543812309677109e-02 -3.203929264905862606e-01 8.344986223131001246e-02 -2.526237001970688123e+00 -2.708373839762857199e-02 2.207745366768465445e+00 9.191961733350466623e-01 5.000000000000000104e-03 5.000000000000000104e-03
3.396758152449191881e-02 -3.198152802335590961e-01 8.355352665644207033e-02 -2.526448234904574264e+00 -2.711738279315357644e-02 2.208536607811910635e+00 9.193623820430437688e-01 5.000000000000000104e-03 5.000000000000000104e-03
3.400972492588706653e-02 -3.192376339765319315e-01 8.365719108157412820e-02 -2.526659467838460404e+00 -2.715102718867858089e-02 2.209327848855355825e+00 9.195285907510408752e-01 5.000000000000000104e-03 5.000000000000000104e-03
3.405186832728222118e-02 -3.186599877195048225e-01 8.376085550670619995e-02 -2.526870700772346545e+00 -2.718467158420358534e-02 2.210119089898801459e+00 9.196947994590378705e-01 5.000000000000000104e-03 5.000000000000000104e-03
3.409401172867737584e-02 -3.180823414624777135e-01 8.386451993183827169e-02 -2.527081933706232686e+00 -2.721831597972858979e-02 2.210910330942247093e+00 9.198610081670348659e-01 5.000000000000000104e-03 5.000000000000000104e-03
3.413615513007252356e-02 -3.175046952054505489e-01 8.396818435697032956e-02 -2.527293166640118827e+00 -2.725196037525359424e-02 2.211701571985692283e+00 9.200272168750319723e-01 5.000000000000000104e-03 5.000000000000000104e-03
3.417829853146767127e-02 -3.169270489484233844e-01 8.407184878210238743e-02 -2.527504399574004967e+00 -2.728560477077859869e-02 2.212492813029137473e+00 9.201934255830290788e-01 5.000000000000000104e-03 5.000000000000000104e-03
3.422044193286282593e-02 -3.163494026913962753e-01 8.417551320723445918e-02 -2.527715632507891108e+00 -2.731924916630360314e-02 2.213284054072583107e+00 9.203596342910260741e-01 5.000000000000000104e-03 5.000000000000000104e-03
3.426258533425798058e-02 -3.157717564343691663e-01 8.427917763236653093e-02 -2.527926865441777249e+00 -2.735289356182860759e-02 2.214075295116028741e+00 9.205258429990230695e-01 5.000000000000000104e-03 5.000000000000000104e-03
3.430472873565312830e-02 -3.151941101773420018e-01 8.438284205749858879e-02 -2.528138098375663390e+00 -2.738653795735361204e-02 2.214866536159473931e+00 9.206920517070201759e-01 5.000000000000000104e-03 5.000000000000000104e-03
3.434687213704827602e-02 -3.146164639203148372e-01 8.448650648263064666e-02 -2.528349331309549530e+00 -2.742018235287861649e-02 2.215657777202919121e+00 9.208582604150172823e-01 5.000000000000000104e-03 5.000000000000000104e-03
3.438901553844343068e-02 -3.140388176632877282e-01 8.459017090776271841e-02 -2.528560564243435671e+00 -2.745382674840362094e-02 2.216449018246364755e+00 9.210244691230142777e-01 5.000000000000000104e-03 5.000000000000000104e-03
3.443115893983858533e-02 -3.134611714062605636e-01 8.469383533289477628e-02 -2.528771797177321812e+00 -2.748747114392862539e-02 2.217240259289810389e+00 9.211906778310112731e-01 5.000000000000000104e-03 5.000000000000000104e-03
3.447330234123373305e-02 -3.128835251492333991e-01 8.479749975802683415e-02 -2.528983030111207952e+00 -2.752111553945362984e-02 2.218031500333256023e+00 9.213568865390082685e-01 5.000000000000000104e-03 5.000000000000000104e-03
3.451544574262888770e-02 -3.123058788922062345e-01 8.490116418315889202e-02 -2.529194263045094093e+00 -2.755475993497863429e-02 2.218822741376701657e+00 9.215230952470052639e-01 5.000000000000000104e-03 5.000000000000000104e-03
3.455758914402404236e-02 -3.117282326351790700e-01 8.500482860829094989e-02 -2.529405495978980234e+00 -2.758840433050363875e-02 2.219613982420146847e+00 9.216893039550022593e-01 5.000000000000000104e-03 5.000000000000000104e-03
3.459973254541919008e-02 -3.111505863781519055e-01 8.510849303342300776e-02 -2.529616728912866375e+00 -2.762204872602864320e-02 2.220405223463592481e+00 9.218555126629992547e-01 5.000000000000000104e-03 5.000000000000000104e-03
3.464187594681433779e-02 -3.105729401211247409e-01 8.521215745855506563e-02 -2.529827961846752515e+00 -2.765569312155364765e-02 2.221196464507038115e+00 9.220217213709962500e-01 5.000000000000000104e-03 5.000000000000000104e-03
3.468401934820949245e-02 -3.099952938640975764e-01 8.531582188368712349e-02 -2.530039194780638656e+00 -2.768933751707865210e-02 2.221987705550483305e+00 9.221879300789932454e-01 5.000000000000000104e-03 5.000000000000000104e-03
3.472616274960464711e-02 -3.094176476070704118e-01 8.541948630881918136e-02 -2.530250427714524797e+00 -2.772298191260365655e-02 2.222778946593928495e+00 9.223541387869902408e-01 5.000000000000000104e-03 5.000000000000000104e-03
3.476830615099979482e-02 -3.088400013500432473e-01 8.552315073395123923e-02 -2.530461660648410938e+00 -2.775662630812866100e-02 2.223570187637374129e+00 9.225203474949872362e-01 5.000000000000000104e-03 5.000000000000000104e-03
3.481044955239494254e-02 -3.082623550930160827e-01 8.562681515908329710e-02 -2.530672893582297078e+00 -2.779027070365366545e-02 2.224361428680819763e+00 9.226865562029842316e-01 5.000000000000000104e-03 5.000000000000000104e-03
3.485259295379009720e-02 -3.076847088359889182e-01 8.573047958421535497e-02 -2.530884126516183219e+00 -2.782391509917866990e-02 2.225152669724264953e+00 9.228527649109812270e-01 5.000000000000000104e-03 5.000000000000000104e-03
3.489473635518525185e-02 -3.071070625789617536e-01 8.583414400934741284e-02 -2.531095359450069360e+00 -2.785755949470367435e-02 2.225943910767710143e+00 9.230189736189782224e-01 5.000000000000000104e-03 5.000000000000000104e-03
3.493687975658039957e-02 -3.065294163219345891e-01 8.593780843447947071e-02 -2.531306592383955500e+00 -2.789120389022867880e-02 2.226735151811155777e+00 9.231851823269752177e-01 5.000000000000000104e-03 5.000000000000000104e-03
3.497902315797554729e-02 -3.059517700649074246e-01 8.604147285961152858e-02 -2.531517825317841641e+00 -2.792484828575368325e-02 2.227526392854601411e+00 9.233513910349722131e-01 5.000000000000000104e-03 5.000000000000000104e-03
3.502116655937070194e-02 -3.053741238078802600e-01 8.614513728474358645e-02 -2.531729058251727782e+00 -2.795849268127868770e-02 2.228317633898046601e+00 9.235175997429692085e-01 5.000000000000000104e-03 5.000000000000000104e-03
3.506330996076585660e-02 -3.047964775508530955e-01 8.624880170987564432e-02 -2.531940291185613923e+00 -2.799213707680369215e-02 2.229108874941491791e+00 9.236838084509662039e-01 5.000000000000000104e-03 5.000000000000000104e-03
3.510545336216100432e-02 -3.042188312938259309e-01 8.635246613500770219e-02 -2.532151524119500063e+00 -2.802578147232869660e-02 2.229900115984937425e+00 9.238500171589631993e-01 5.000000000000000104e-03 5.000000000000000104e-03
3.514759676355615203e-02 -3.036411850367987664e-01 8.645613056013976006e-02 -2.532362757053386204e+00 -2.805942586785370105e-02 2.230691357028383059e+00 9.240162258669601947e-01 5.000000000000000104e-03 5.000000000000000104e-03
3.518974016495130669e-02 -3.030635387797716018e-01 8.655979498527181792e-02 -2.532573989987272345e+00 -2.809307026337870550e-02 2.231482598071828249e+00 9.241824345749571901e-01 5.000000000000000104e-03 5.000000000000000104e-03
3.523188356634646135e-02 -3.024858925227444373e-01 8.666345941040387579e-02 -2.532785222921158486e+00 -2.812671465890370995e-02 2.232273839115273439e+00 9.243486432829541855e-01 5.000000000000000104e-03 5.000000000000000104e-03
3.527402696774160906e-02 -3.019082462657172727e-01 8.676712383553594754e-02 -2.532996455855044626e+00 -2.816035905442871440e-02 2.233065080158719073e+00 9.245148519909511808e-01 5.000000000000000104e-03 5.000000000000000104e-03
3.531617036913675678e-02 -3.013306000086901082e-01 8.687078826066801929e-02 -2.533207688788930767e+00 -2.819400344995371885e-02 2.233856321202164708e+00 9.246810606989481762e-01 5.000000000000000104e-03 5.000000000000000104e-03
3.535831377053191144e-02 -3.007529537516629436e-01 8.697445268580007716e-02 -2.533418921722816908e+00 -2.822764784547872330e-02 2.234647562245609898e+00 9.248472694069451716e-01 5.000000000000000104e-03 5.000000000000000104e-03
3.540045717192706609e-02 -3.001753074946357791e-01 8.707811711093213503e-02 -2.533630154656703048e+00 -2.826129224100372775e-02 2.235438803289055087e+00 9.250134781149421670e-01 5.000000000000000104e-03 5.000000000000000104e-03
3.544260057332221381e-02 -2.995976612376086146e-01 8.718178153606420677e-02 -2.533841387590589189e+00 -2.829493663652873220e-02 2.236230044332500722e+00 9.251796868229391624e-01 5.000000000000000104e-03 5.000000000000000104e-03
3.548474397471736153e-02 -2.990200149805814500e-01 8.728544596119627852e-02 -2.534052620524475330e+00 -2.832858103205373665e-02 2.237021285375946356e+00 9.253458955309361578e-01 5.000000000000000104e-03 5.000000000000000104e-03
3.552688737611251618e-02 -2.984423687235542855e-01 8.738911038632833639e-02 -2.534263853458361471e+00 -2.836222542757874110e-02 2.237812526419391546e+00 9.255121042389331532e-01 5.000000000000000104e-03 5.000000000000000104e-03
3.556903077750767084e-02 -2.978647224665271209e-01 8.749277481146039426e-02 -2.534475086392247611e+00 -2.839586982310374555e-02 2.238603767462836736e+00 9.256783129469301485e-01 5.000000000000000104e-03 5.000000000000000104e-03
3.561117417890281855e-02 -2.972870762094999564e-01 8.759643923659246600e-02 -2.534686319326133752e+00 -2.842951421862875000e-02 2.239395008506282370e+00 9.258445216549271439e-01 5.000000000000000104e-03 5.000000000000000104e-03
3.565331758029796627e-02 -2.967094299524727918e-01 8.770010366172453775e-02 -2.534897552260019893e+00 -2.846315861415375445e-02 2.240186249549728004e+00 9.260107303629241393e-01 5.000000000000000104e-03 5.000000000000000104e-03
3.569546098169312093e-02 -2.961317836954456273e-01 8.780376808685659562e-02 -2.535108785193906034e+00 -2.849680300967875890e-02 2.240977490593173194e+00 9.261769390709212457e-01 5.000000000000000104e-03 5.000000000000000104e-03
3.573760438308827558e-02 -2.955541374384184627e-01 8.790743251198865349e-02 -2.535320018127792174e+00 -2.853044740520376335e-02 2.241768731636618384e+00 9.263431477789183521e-01 5.000000000000000104e-03 5.000000000000000104e-03
3.577974778448342330e-02 -2.949764911813912982e-01 8.801109693712072524e-02 -2.535531251061678315e+00 -2.856409180072876780e-02 2.242559972680064018e+00 9.265093564869153475e-01 5.000000000000000104e-03 5.000000000000000104e-03
3.582189118587857102e-02 -2.943988449243641337e-01 8.811476136225279698e-02 -2.535742483995564456e+00 -2.859773619625377225e-02 2.243351213723509652e+00 9.266755651949123429e-01 5.000000000000000104e-03 5.000000000000000104e-03
3.586403458727372567e-02 -2.938211986673369691e-01 8.821842578738485485e-02 -2.535953716929450596e+00 -2.863138059177877670e-02 2.244142454766954842e+00 9.268417739029094493e-01 5.000000000000000104e-03 5.000000000000000104e-03
3.590617798866888033e-02 -2.932435524103098046e-01 8.832209021251691272e-02 -2.536164949863336737e+00 -2.866502498730378115e-02 2.244933695810400032e+00 9.270079826109065557e-01 5.000000000000000104e-03 5.000000000000000104e-03
3.594832139006402805e-02 -2.926659061532826400e-01 8.842575463764898447e-02 -2.536376182797222878e+00 -2.869866938282878560e-02 2.245724936853845666e+00 9.271741913189035511e-01 5.000000000000000104e-03 5.000000000000000104e-03
3.599046479145917576e-02 -2.920882598962555310e-01 8.852941906278105622e-02 -2.536587415731109019e+00 -2.873231377835379005e-02 2.246516177897291300e+00 9.273404000269005465e-01 5.000000000000000104e-03 5.000000000000000104e-03
3.603260819285433042e-02 -2.915106136392283664e-01 8.863308348791311408e-02 -2.536798648664995159e+00 -2.876595817387879450e-02 2.247307418940736490e+00 9.275066087348976529e-01 5.000000000000000104e-03 5.000000000000000104e-03
3.607475159424948508e-02 -2.909329673822012019e-01 8.873674791304517195e-02 -2.537009881598881300e+00 -2.879960256940379895e-02 2.248098659984181680e+00 9.276728174428947593e-01 5.000000000000000104e-03 5.000000000000000104e-03
3.611689499564463279e-02 -2.903553211251740929e-01 8.884041233817724370e-02 -2.537221114532767441e+00 -2.883324696492880340e-02 2.248889901027627314e+00 9.278390261508917547e-01 5.000000000000000104e-03 5.000000000000000104e-03
3.615903839703978051e-02 -2.897776748681469838e-01 8.894407676330931545e-02 -2.537432347466653582e+00 -2.886689136045380785e-02 2.249681142071072948e+00 9.280052348588887501e-01 5.000000000000000104e-03 5.000000000000000104e-03
3.620118179843493517e-02 -2.892000286111198193e-01 8.904774118844137332e-02 -2.537643580400539722e+00 -2.890053575597881230e-02 2.250472383114518138e+00 9.281714435668858565e-01 5.000000000000000104e-03 5.000000000000000104e-03
3.624332519983008982e-02 -2.886223823540926547e-01 8.915140561357343119e-02 -2.537854813334425863e+00 -2.893418015150381675e-02 2.251263624157963328e+00 9.283376522748829629e-01 5.000000000000000104e-03 5.000000000000000104e-03
3.628546860122523754e-02 -2.880447360970655457e-01 8.925507003870550293e-02 -2.538066046268312004e+00 -2.896782454702882120e-02 2.252054865201408962e+00 9.285038609828799583e-01 5.000000000000000104e-03 5.000000000000000104e-03
3.632761200262038526e-02 -2.874670898400384367e-01 8.935873446383757468e-02 -2.538277279202198145e+00 -2.900146894255382565e-02 2.252846106244854596e+00 9.286700696908769537e-01 5.000000000000000104e-03 5.000000000000000104e-03
3.636975540401553991e-02 -2.868894435830112721e-01 8.946239888896963255e-02 -2.538488512136084285e+00 -2.903511333807883010e-02 2.253637347288299786e+00 9.288362783988740601e-01 5.000000000000000104e-03 5.000000000000000104e-03
3.641189880541069457e-02 -2.863117973259841076e-01 8.956606331410169042e-02 -2.538699745069970426e+00 -2.906875773360383455e-02 2.254428588331744976e+00 9.290024871068711665e-01 5.000000000000000104e-03 5.000000000000000104e-03
3.645404220680584229e-02 -2.857341510689569986e-01 8.966972773923376216e-02 -2.538910978003856567e+00 -2.910240212912883900e-02 2.255219829375190610e+00 9.291686958148681619e-01 5.000000000000000104e-03 5.000000000000000104e-03
3.649618560820099000e-02 -2.851565048119298895e-01 8.977339216436583391e-02 -2.539122210937742707e+00 -2.913604652465384345e-02 2.256011070418636244e+00 9.293349045228651573e-01 5.000000000000000104e-03 5.000000000000000104e-03
3.653832900959614466e-02 -2.845788585549027250e-01 8.987705658949789178e-02 -2.539333443871628848e+00 -2.916969092017884790e-02 2.256802311462081434e+00 9.295011132308622637e-01 5.000000000000000104e-03 5.000000000000000104e-03
3.658047241099129931e-02 -2.840012122978755604e-01 8.998072101462994965e-02 -2.539544676805514989e+00 -2.920333531570385235e-02 2.257593552505527068e+00 9.296673219388592591e-01 5.000000000000000104e-03 5.000000000000000104e-03
3.662261581238644703e-02 -2.834235660408483959e-01 9.008438543976200752e-02 -2.539755909739401130e+00 -2.923697971122885680e-02 2.258384793548972702e+00 9.298335306468562544e-01 5.000000000000000104e-03 5.000000000000000104e-03
3.666475921378160169e-02 -2.828459197838212313e-01 9.018804986489406539e-02 -2.539967142673287270e+00 -2.927062410675386125e-02 2.259176034592418336e+00 9.299997393548532498e-01 5.000000000000000104e-03 5.000000000000000104e-03
3.670690261517675634e-02 -2.822682735267940668e-01 9.029171429002612326e-02 -2.540178375607173411e+00 -2.930426850227886570e-02 2.259967275635863970e+00 9.301659480628502452e-01 5.000000000000000104e-03 5.000000000000000104e-03
3.674904601657190406e-02 -2.816906272697669023e-01 9.039537871515818113e-02 -2.540389608541059552e+00 -2.933791289780387015e-02 2.260758516679309160e+00 9.303321567708472406e-01 5.000000000000000104e-03 5.000000000000000104e-03
3.679118941796705178e-02 -2.811129810127397377e-01 9.049904314029023900e-02 -2.540600841474945693e+00 -2.937155729332887460e-02 2.261549757722754350e+00 9.304983654788442360e-01 5.000000000000000104e-03 5.000000000000000104e-03
3.683333281936220643e-02 -2.805353347557125732e-01 9.060270756542229686e-02 -2.540812074408831833e+00 -2.940520168885387906e-02 2.262340998766199984e+00 9.306645741868412314e-01 5.000000000000000104e-03 5.000000000000000104e-03
3.687547622075736109e-02 -2.799576884986854086e-01 9.070637199055435473e-02 -2.541023307342717974e+00 -2.943884608437888351e-02 2.263132239809645618e+00 9.308307828948382268e-01 5.000000000000000104e-03 5.000000000000000104e-03
3.691761962215250881e-02 -2.793800422416582441e-01 9.081003641568641260e-02 -2.541234540276604115e+00 -2.947249047990388796e-02 2.263923480853090808e+00 9.309969916028352221e-01 5.000000000000000104e-03 5.000000000000000104e-03
3.695976302354765652e-02 -2.788023959846310795e-01 9.091370084081847047e-02 -2.541445773210490255e+00 -2.950613487542889241e-02 2.264714721896535998e+00 9.311632003108322175e-01 5.000000000000000104e-03 5.000000000000000104e-03
3.700190642494281118e-02 -2.782247497276039150e-01 9.101736526595052834e-02 -2.541657006144376396e+00 -2.953977927095389686e-02 2.265505962939981632e+00 9.313294090188292129e-01 5.000000000000000104e-03 5.000000000000000104e-03
3.704404982633796584e-02 -2.776471034705767504e-01 9.112102969108258621e-02 -2.541868239078262537e+00 -2.957342366647890131e-02 2.266297203983427266e+00 9.314956177268262083e-01 5.000000000000000104e-03 5.000000000000000104e-03
3.708619322773311355e-02 -2.770694572135495859e-01 9.122469411621464408e-02 -2.542079472012148678e+00 -2.960706806200390576e-02 2.267088445026872456e+00 9.316618264348232037e-01 5.000000000000000104e-03 5.000000000000000104e-03
3.712833662912826127e-02 -2.764918109565224213e-01 9.132835854134670195e-02 -2.542290704946034818e+00 -2.964071245752891021e-02 2.267879686070317646e+00 9.318280351428201991e-01 5.000000000000000104e-03 5.000000000000000104e-03
3.717048003052341593e-02 -2.759141646994952568e-01 9.143202296647875982e-02 -2.542501937879920959e+00 -2.967435685305391466e-02 2.268670927113763280e+00 9.319942438508171945e-01 5.000000000000000104e-03 5.000000000000000104e-03
3.721262343191857058e-02 -2.753365184424680923e-01 9.153568739161081769e-02 -2.542713170813807100e+00 -2.970800124857891911e-02 2.269462168157208914e+00 9.321604525588141898e-01 5.000000000000000104e-03 5.000000000000000104e-03
3.725476683331371830e-02 -2.747588721854409277e-01 9.163935181674287556e-02 -2.542924403747693241e+00 -2.974164564410392356e-02 2.270253409200654104e+00 9.323266612668111852e-01 5.000000000000000104e-03 5.000000000000000104e-03
3.729691023470886602e-02 -2.741812259284137632e-01 9.174301624187493343e-02 -2.543135636681579381e+00 -2.977529003962892801e-02 2.271044650244099294e+00 9.324928699748081806e-01 5.000000000000000104e-03 5.000000000000000104e-03
3.733905363610402067e-02 -2.736035796713865986e-01 9.184668066700699129e-02 -2.543346869615465522e+00 -2.980893443515393246e-02 2.271835891287544928e+00 9.326590786828051760e-01 5.000000000000000104e-03 5.000000000000000104e-03
3.738119703749917533e-02 -2.730259334143594341e-01 9.195034509213906304e-02 -2.543558102549351663e+00 -2.984257883067893691e-02 2.272627132330990563e+00 9.328252873908021714e-01 5.000000000000000104e-03 5.000000000000000104e-03
3.742334043889432305e-02 -2.724482871573322695e-01 9.205400951727112091e-02 -2.543769335483237803e+00 -2.987622322620394136e-02 2.273418373374435753e+00 9.329914960987991668e-01 5.000000000000000104e-03 5.000000000000000104e-03
3.746548384028947076e-02 -2.718706409003051050e-01 9.215767394240317878e-02 -2.543980568417123944e+00 -2.990986762172894581e-02 2.274209614417880942e+00 9.331577048067961622e-01 5.000000000000000104e-03 5.000000000000000104e-03
3.750762724168462542e-02 -2.712929946432779404e-01 9.226133836753525053e-02 -2.544191801351010085e+00 -2.994351201725395026e-02 2.275000855461326577e+00 9.333239135147931576e-01 5.000000000000000104e-03 5.000000000000000104e-03
3.754977064307978007e-02 -2.707153483862507759e-01 9.236500279266732227e-02 -2.544403034284896226e+00 -2.997715641277895471e-02 2.275792096504772211e+00 9.334901222227901529e-01 5.000000000000000104e-03 5.000000000000000104e-03
3.759191404447492779e-02 -2.701377021292236114e-01 9.246866721779938014e-02 -2.544614267218782366e+00 -3.001080080830395916e-02 2.276583337548217401e+00 9.336563309307871483e-01 5.000000000000000104e-03 5.000000000000000104e-03
3.763405744587007551e-02 -2.695600558721964468e-01 9.257233164293143801e-02 -2.544825500152668507e+00 -3.004444520382896361e-02 2.277374578591662591e+00 9.338225396387841437e-01 5.000000000000000104e-03 5.000000000000000104e-03
3.767620084726523016e-02 -2.689824096151692823e-01 9.267599606806350976e-02 -2.545036733086554648e+00 -3.007808959935396806e-02 2.278165819635108225e+00 9.339887483467811391e-01 5.000000000000000104e-03 5.000000000000000104e-03
3.771834424866038482e-02 -2.684047633581421177e-01 9.277966049319558151e-02 -2.545247966020440789e+00 -3.011173399487897251e-02 2.278957060678553859e+00 9.341549570547781345e-01 5.000000000000000104e-03 5.000000000000000104e-03
3.776048765005553254e-02 -2.678271171011149532e-01 9.288332491832763937e-02 -2.545459198954326929e+00 -3.014537839040397696e-02 2.279748301721999049e+00 9.343211657627751299e-01 5.000000000000000104e-03 5.000000000000000104e-03
3.780263105145068026e-02 -2.672494708440877886e-01 9.298698934345969724e-02 -2.545670431888213070e+00 -3.017902278592898141e-02 2.280539542765444239e+00 9.344873744707722363e-01 5.000000000000000104e-03 5.000000000000000104e-03
3.784477445284583491e-02 -2.666718245870606241e-01 9.309065376859176899e-02 -2.545881664822099211e+00 -3.021266718145398586e-02 2.281330783808889873e+00 9.346535831787692317e-01 5.000000000000000104e-03 5.000000000000000104e-03
3.788691785424098957e-02 -2.660941783300334595e-01 9.319431819372384074e-02 -2.546092897755985351e+00 -3.024631157697899031e-02 2.282122024852335507e+00 9.348197918867662271e-01 5.000000000000000104e-03 5.000000000000000104e-03
3.792906125563613728e-02 -2.655165320730062950e-01 9.329798261885589861e-02 -2.546304130689871492e+00 -3.027995597250399476e-02 2.282913265895780697e+00 9.349860005947633335e-01 5.000000000000000104e-03 5.000000000000000104e-03
3.797120465703128500e-02 -2.649388858159791305e-01 9.340164704398795648e-02 -2.546515363623757633e+00 -3.031360036802899921e-02 2.283704506939225887e+00 9.351522093027604399e-01 5.000000000000000104e-03 5.000000000000000104e-03
3.801334805842643966e-02 -2.643612395589519659e-01 9.350531146912002822e-02 -2.546726596557643774e+00 -3.034724476355400366e-02 2.284495747982671521e+00 9.353184180107574353e-01 5.000000000000000104e-03 5.000000000000000104e-03
3.805549145982159431e-02 -2.637835933019248014e-01 9.360897589425209997e-02 -2.546937829491529914e+00 -3.038088915907900811e-02 2.285286989026117155e+00 9.354846267187544306e-01 5.000000000000000104e-03 5.000000000000000104e-03
3.809763486121674203e-02 -2.632059470448976368e-01 9.371264031938415784e-02 -2.547149062425416055e+00 -3.041453355460401256e-02 2.286078230069562345e+00 9.356508354267515370e-01 5.000000000000000104e-03 5.000000000000000104e-03
3.813977826261188975e-02 -2.626283007878704723e-01 9.381630474451621571e-02 -2.547360295359302196e+00 -3.044817795012901701e-02 2.286869471113007535e+00 9.358170441347486435e-01 5.000000000000000104e-03 5.000000000000000104e-03
3.818192166400704440e-02 -2.620506545308433632e-01 9.391996916964828745e-02 -2.547571528293188337e+00 -3.048182234565402146e-02 2.287660712156453169e+00 9.359832528427456388e-01 5.000000000000000104e-03 5.000000000000000104e-03
3.822406506540219906e-02 -2.614730082738162542e-01 9.402363359478035920e-02 -2.547782761227074477e+00 -3.051546674117902591e-02 2.288451953199898803e+00 9.361494615507426342e-01 5.000000000000000104e-03 5.000000000000000104e-03
3.826620846679734678e-02 -2.608953620167890897e-01 9.412729801991241707e-02 -2.547993994160960618e+00 -3.054911113670403036e-02 2.289243194243343993e+00 9.363156702587397406e-01 5.000000000000000104e-03 5.000000000000000104e-03
3.830835186819249449e-02 -2.603177157597619251e-01 9.423096244504447494e-02 -2.548205227094846759e+00 -3.058275553222903481e-02 2.290034435286789183e+00 9.364818789667368470e-01 5.000000000000000104e-03 5.000000000000000104e-03
3.835049526958764915e-02 -2.597400695027348161e-01 9.433462687017654669e-02 -2.548416460028732899e+00 -3.061639992775403926e-02 2.290825676330234817e+00 9.366480876747338424e-01 5.000000000000000104e-03 5.000000000000000104e-03
3.839263867098280381e-02 -2.591624232457077071e-01 9.443829129530861843e-02 -2.548627692962619040e+00 -3.065004432327904371e-02 2.291616917373680451e+00 9.368142963827308378e-01 5.000000000000000104e-03 5.000000000000000104e-03
3.843478207237795152e-02 -2.585847769886805425e-01 9.454195572044067630e-02 -2.548838925896505181e+00 -3.068368871880404816e-02 2.292408158417125641e+00 9.369805050907279442e-01 5.000000000000000104e-03 5.000000000000000104e-03
3.847692547377309924e-02 -2.580071307316533780e-01 9.464562014557273417e-02 -2.549050158830391322e+00 -3.071733311432905261e-02 2.293199399460570831e+00 9.371467137987250506e-01 5.000000000000000104e-03 5.000000000000000104e-03
3.851906887516825390e-02 -2.574294844746262689e-01 9.474928457070480592e-02 -2.549261391764277462e+00 -3.075097750985405706e-02 2.293990640504016465e+00 9.373129225067220460e-01 5.000000000000000104e-03 5.000000000000000104e-03
3.856121227656340855e-02 -2.568518382175991599e-01 9.485294899583687767e-02 -2.549472624698163603e+00 -3.078462190537906151e-02 2.294781881547462099e+00 9.374791312147190414e-01 5.000000000000000104e-03 5.000000000000000104e-03
3.860335567795855627e-02 -2.562741919605719954e-01 9.495661342096893553e-02 -2.549683857632049744e+00 -3.081826630090406596e-02 2.295573122590907289e+00 9.376453399227161478e-01 5.000000000000000104e-03 5.000000000000000104e-03
3.864549907935370399e-02 -2.556965457035448308e-01 9.506027784610099340e-02 -2.549895090565935885e+00 -3.085191069642907041e-02 2.296364363634352479e+00 9.378115486307132542e-01 5.000000000000000104e-03 5.000000000000000104e-03
3.868764248074885864e-02 -2.551188994465177218e-01 9.516394227123306515e-02 -2.550106323499822025e+00 -3.088555509195407486e-02 2.297155604677798113e+00 9.379777573387102496e-01 5.000000000000000104e-03 5.000000000000000104e-03
3.872978588214401330e-02 -2.545412531894905572e-01 9.526760669636512302e-02 -2.550317556433708166e+00 -3.091919948747907931e-02 2.297946845721243747e+00 9.381439660467072450e-01 5.000000000000000104e-03 5.000000000000000104e-03
3.877192928353916102e-02 -2.539636069324633927e-01 9.537127112149718089e-02 -2.550528789367594307e+00 -3.095284388300408376e-02 2.298738086764689381e+00 9.383101747547042404e-01 5.000000000000000104e-03 5.000000000000000104e-03
3.881407268493431567e-02 -2.533859606754362281e-01 9.547493554662923876e-02 -2.550740022301480447e+00 -3.098648827852908821e-02 2.299529327808135015e+00 9.384763834627012358e-01 5.000000000000000104e-03 5.000000000000000104e-03
3.885621608632947033e-02 -2.528083144184090636e-01 9.557859997176129663e-02 -2.550951255235366588e+00 -3.102013267405409266e-02 2.300320568851580205e+00 9.386425921706982312e-01 5.000000000000000104e-03 5.000000000000000104e-03
3.889835948772461804e-02 -2.522306681613818991e-01 9.568226439689335450e-02 -2.551162488169252729e+00 -3.105377706957909711e-02 2.301111809895025839e+00 9.388088008786952265e-01 5.000000000000000104e-03 5.000000000000000104e-03
3.894050288911976576e-02 -2.516530219043547345e-01 9.578592882202541237e-02 -2.551373721103138870e+00 -3.108742146510410156e-02 2.301903050938471473e+00 9.389750095866922219e-01 5.000000000000000104e-03 5.000000000000000104e-03
3.898264629051492042e-02 -2.510753756473275700e-01 9.588959324715747023e-02 -2.551584954037025010e+00 -3.112106586062910601e-02 2.302694291981916663e+00 9.391412182946892173e-01 5.000000000000000104e-03 5.000000000000000104e-03
3.902478969191007507e-02 -2.504977293903004054e-01 9.599325767228952810e-02 -2.551796186970911151e+00 -3.115471025615411046e-02 2.303485533025361853e+00 9.393074270026862127e-01 5.000000000000000104e-03 5.000000000000000104e-03
3.906693309330522279e-02 -2.499200831332732409e-01 9.609692209742158597e-02 -2.552007419904797292e+00 -3.118835465167911492e-02 2.304276774068807487e+00 9.394736357106832081e-01 5.000000000000000104e-03 5.000000000000000104e-03
3.910907649470037051e-02 -2.493424368762460763e-01 9.620058652255364384e-02 -2.552218652838683433e+00 -3.122199904720411937e-02 2.305068015112253121e+00 9.396398444186802035e-01 5.000000000000000104e-03 5.000000000000000104e-03
3.915121989609552516e-02 -2.487647906192189118e-01 9.630425094768570171e-02 -2.552429885772569573e+00 -3.125564344272912382e-02 2.305859256155698311e+00 9.398060531266771989e-01 5.000000000000000104e-03 5.000000000000000104e-03
3.919336329749067982e-02 -2.481871443621917472e-01 9.640791537281775958e-02 -2.552641118706455714e+00 -3.128928783825413174e-02 2.306650497199143501e+00 9.399722618346741942e-01 5.000000000000000104e-03 5.000000000000000104e-03
3.923550669888582754e-02 -2.476094981051645827e-01 9.651157979794981745e-02 -2.552852351640341855e+00 -3.132293223377913272e-02 2.307441738242589135e+00 9.401384705426711896e-01 5.000000000000000104e-03 5.000000000000000104e-03
3.927765010028097525e-02 -2.470318518481374181e-01 9.661524422308187532e-02 -2.553063584574227995e+00 -3.135657662930413370e-02 2.308232979286034769e+00 9.403046792506681850e-01 5.000000000000000104e-03 5.000000000000000104e-03
3.931979350167612991e-02 -2.464542055911102536e-01 9.671890864821393319e-02 -2.553274817508114136e+00 -3.139022102482914162e-02 2.309024220329479959e+00 9.404708879586651804e-01 5.000000000000000104e-03 5.000000000000000104e-03
3.936193690307128457e-02 -2.458765593340830891e-01 9.682257307334599106e-02 -2.553486050442000277e+00 -3.142386542035414954e-02 2.309815461372925149e+00 9.406370966666621758e-01 5.000000000000000104e-03 5.000000000000000104e-03
3.940408030446643228e-02 -2.452989130770559245e-01 9.692623749847804893e-02 -2.553697283375886418e+00 -3.145750981587915052e-02 2.310606702416370783e+00 9.408033053746591712e-01 5.000000000000000104e-03 5.000000000000000104e-03
3.944622370586158000e-02 -2.447212668200287600e-01 9.702990192361010680e-02 -2.553908516309772558e+00 -3.149115421140415150e-02 2.311397943459816418e+00 9.409695140826561666e-01 5.000000000000000104e-03 5.000000000000000104e-03
3.948836710725673466e-02 -2.441436205630015954e-01 9.713356634874216466e-02 -2.554119749243658699e+00 -3.152479860692915942e-02 2.312189184503261608e+00 9.411357227906531620e-01 5.000000000000000104e-03 5.000000000000000104e-03
3.953051050865188931e-02 -2.435659743059744309e-01 9.723723077387422253e-02 -2.554330982177544840e+00 -3.155844300245416734e-02 2.312980425546706797e+00 9.413019314986501573e-01 5.000000000000000104e-03 5.000000000000000104e-03
3.957265391004703703e-02 -2.429883280489472663e-01 9.734089519900629428e-02 -2.554542215111430981e+00 -3.159208739797916832e-02 2.313771666590152432e+00 9.414681402066471527e-01 5.000000000000000104e-03 5.000000000000000104e-03
3.961479731144218475e-02 -2.424106817919201018e-01 9.744455962413836603e-02 -2.554753448045317121e+00 -3.162573179350416930e-02 2.314562907633598066e+00 9.416343489146441481e-01 5.000000000000000104e-03 5.000000000000000104e-03
3.965694071283733940e-02 -2.418330355348929372e-01 9.754822404927042390e-02 -2.554964680979203262e+00 -3.165937618902917722e-02 2.315354148677043256e+00 9.418005576226411435e-01 5.000000000000000104e-03 5.000000000000000104e-03
3.969908411423249406e-02 -2.412553892778657727e-01 9.765188847440248177e-02 -2.555175913913089403e+00 -3.169302058455418514e-02 2.316145389720488446e+00 9.419667663306381389e-01 5.000000000000000104e-03 5.000000000000000104e-03
3.974122751562764178e-02 -2.406777430208386082e-01 9.775555289953455351e-02 -2.555387146846975543e+00 -3.172666498007918612e-02 2.316936630763934080e+00 9.421329750386351343e-01 5.000000000000000104e-03 5.000000000000000104e-03
3.978337091702278949e-02 -2.401000967638114436e-01 9.785921732466662526e-02 -2.555598379780861684e+00 -3.176030937560418710e-02 2.317727871807379714e+00 9.422991837466321297e-01 5.000000000000000104e-03 5.000000000000000104e-03
3.982551431841794415e-02 -2.395224505067843068e-01 9.796288174979868313e-02 -2.555809612714747825e+00 -3.179395377112919502e-02 2.318519112850824904e+00 9.424653924546291250e-01 5.000000000000000104e-03 5.000000000000000104e-03
3.986765771981309880e-02 -2.389448042497571700e-01 9.806654617493074100e-02 -2.556020845648633966e+00 -3.182759816665420294e-02 2.319310353894270094e+00 9.426316011626261204e-01 5.000000000000000104e-03 5.000000000000000104e-03
3.990980112120824652e-02 -2.383671579927300055e-01 9.817021060006281274e-02 -2.556232078582520106e+00 -3.186124256217920392e-02 2.320101594937715728e+00 9.427978098706231158e-01 5.000000000000000104e-03 5.000000000000000104e-03
3.995194452260339424e-02 -2.377895117357028409e-01 9.827387502519488449e-02 -2.556443311516406247e+00 -3.189488695770420490e-02 2.320892835981161362e+00 9.429640185786201112e-01 5.000000000000000104e-03 5.000000000000000104e-03
3.999408792399854889e-02 -2.372118654786757042e-01 9.837753945032694236e-02 -2.556654544450292388e+00 -3.192853135322921282e-02 2.321684077024606552e+00 9.431302272866171066e-01 5.000000000000000104e-03 5.000000000000000104e-03
4.003623132539370355e-02 -2.366342192216485674e-01 9.848120387545900023e-02 -2.556865777384178529e+00 -3.196217574875422074e-02 2.322475318068051742e+00 9.432964359946141020e-01 5.000000000000000104e-03 5.000000000000000104e-03
4.007837472678885127e-02 -2.360565729646214028e-01 9.858486830059107198e-02 -2.557077010318064669e+00 -3.199582014427922172e-02 2.323266559111497376e+00 9.434626447026112084e-01 5.000000000000000104e-03 5.000000000000000104e-03
4.012051812818399898e-02 -2.354789267075942383e-01 9.868853272572314372e-02 -2.557288243251950810e+00 -3.202946453980422270e-02 2.324057800154943010e+00 9.436288534106083148e-01 5.000000000000000104e-03 5.000000000000000104e-03
4.016266152957915364e-02 -2.349012804505671015e-01 9.879219715085520159e-02 -2.557499476185836951e+00 -3.206310893532923062e-02 2.324849041198388200e+00 9.437950621186053102e-01 5.000000000000000104e-03 5.000000000000000104e-03
4.020480493097430830e-02 -2.343236341935399647e-01 9.889586157598725946e-02 -2.557710709119723091e+00 -3.209675333085423854e-02 2.325640282241833390e+00 9.439612708266023056e-01 5.000000000000000104e-03 5.000000000000000104e-03
4.024694833236945601e-02 -2.337459879365128002e-01 9.899952600111933121e-02 -2.557921942053609232e+00 -3.213039772637923952e-02 2.326431523285279024e+00 9.441274795345994120e-01 5.000000000000000104e-03 5.000000000000000104e-03
4.028909173376460373e-02 -2.331683416794856356e-01 9.910319042625140296e-02 -2.558133174987495373e+00 -3.216404212190424050e-02 2.327222764328724658e+00 9.442936882425965184e-01 5.000000000000000104e-03 5.000000000000000104e-03
4.033123513515975839e-02 -2.325906954224584988e-01 9.920685485138346082e-02 -2.558344407921381514e+00 -3.219768651742924842e-02 2.328014005372169848e+00 9.444598969505935138e-01 5.000000000000000104e-03 5.000000000000000104e-03
4.037337853655491304e-02 -2.320130491654313620e-01 9.931051927651551869e-02 -2.558555640855267654e+00 -3.223133091295425634e-02 2.328805246415615038e+00 9.446261056585905092e-01 5.000000000000000104e-03 5.000000000000000104e-03
4.041552193795006076e-02 -2.314354029084041975e-01 9.941418370164759044e-02 -2.558766873789153795e+00 -3.226497530847925732e-02 2.329596487459060672e+00 9.447923143665876156e-01 5.000000000000000104e-03 5.000000000000000104e-03
4.045766533934520848e-02 -2.308577566513770329e-01 9.951784812677966219e-02 -2.558978106723039936e+00 -3.229861970400425830e-02 2.330387728502506306e+00 9.449585230745847220e-01 5.000000000000000104e-03 5.000000000000000104e-03
4.049980874074036313e-02 -2.302801103943498962e-01 9.962151255191172006e-02 -2.559189339656926077e+00 -3.233226409952926622e-02 2.331178969545951496e+00 9.451247317825817174e-01 5.000000000000000104e-03 5.000000000000000104e-03
4.054195214213551779e-02 -2.297024641373227594e-01 9.972517697704377793e-02 -2.559400572590812217e+00 -3.236590849505427414e-02 2.331970210589396686e+00 9.452909404905787127e-01 5.000000000000000104e-03 5.000000000000000104e-03
4.058409554353066551e-02 -2.291248178802955948e-01 9.982884140217584967e-02 -2.559611805524698358e+00 -3.239955289057927512e-02 2.332761451632842320e+00 9.454571491985758191e-01 5.000000000000000104e-03 5.000000000000000104e-03
4.062623894492581322e-02 -2.285471716232684303e-01 9.993250582730792142e-02 -2.559823038458584499e+00 -3.243319728610427610e-02 2.333552692676287954e+00 9.456233579065729256e-01 5.000000000000000104e-03 5.000000000000000104e-03
4.066838234632096788e-02 -2.279695253662412935e-01 1.000361702524399793e-01 -2.560034271392470639e+00 -3.246684168162928402e-02 2.334343933719733144e+00 9.457895666145699209e-01 5.000000000000000104e-03 5.000000000000000104e-03
4.071052574771612254e-02 -2.273918791092141567e-01 1.001398346775720372e-01 -2.560245504326356780e+00 -3.250048607715429194e-02 2.335135174763178334e+00 9.459557753225669163e-01 5.000000000000000104e-03 5.000000000000000104e-03
4.075266914911127025e-02 -2.268142328521869922e-01 1.002434991027041089e-01 -2.560456737260242921e+00 -3.253413047267929292e-02 2.335926415806623968e+00 9.461219840305640227e-01 5.000000000000000104e-03 5.000000000000000104e-03
4.079481255050641797e-02 -2.262365865951598276e-01 1.003471635278361807e-01 -2.560667970194129062e+00 -3.256777486820429390e-02 2.336717656850069602e+00 9.462881927385611291e-01 5.000000000000000104e-03 5.000000000000000104e-03
4.083695595190157263e-02 -2.256589403381326908e-01 1.004508279529682385e-01 -2.560879203128015202e+00 -3.260141926372930182e-02 2.337508897893514792e+00 9.464544014465581245e-01 5.000000000000000104e-03 5.000000000000000104e-03
4.087909935329672728e-02 -2.250812940811055263e-01 1.005544923781002964e-01 -2.561090436061901343e+00 -3.263506365925430280e-02 2.338300138936960426e+00 9.466206101545551199e-01 5.000000000000000104e-03 5.000000000000000104e-03
4.092124275469187500e-02 -2.245036478240783617e-01 1.006581568032323543e-01 -2.561301668995787484e+00 -3.266870805477931072e-02 2.339091379980406060e+00 9.467868188625521153e-01 5.000000000000000104e-03 5.000000000000000104e-03
4.096338615608702965e-02 -2.239260015670511972e-01 1.007618212283644121e-01 -2.561512901929673625e+00 -3.270235245030431170e-02 2.339882621023851694e+00 9.469530275705491107e-01 5.000000000000000104e-03 5.000000000000000104e-03
4.100552955748218431e-02 -2.233483553100240326e-01 1.008654856534964700e-01 -2.561724134863559765e+00 -3.273599684582931268e-02 2.340673862067297328e+00 9.471192362785461061e-01 5.000000000000000104e-03 5.000000000000000104e-03
4.104767295887733203e-02 -2.227707090529968681e-01 1.009691500786285279e-01 -2.561935367797445906e+00 -3.276964124135432060e-02 2.341465103110742518e+00 9.472854449865431015e-01 5.000000000000000104e-03 5.000000000000000104e-03
4.108981636027247974e-02 -2.221930627959697035e-01 1.010728145037605857e-01 -2.562146600731332047e+00 -3.280328563687932852e-02 2.342256344154187708e+00 9.474516536945400969e-01 5.000000000000000104e-03 5.000000000000000104e-03
4.113195976166763440e-02 -2.216154165389425390e-01 1.011764789288926436e-01 -2.562357833665218187e+00 -3.283693003240432950e-02 2.343047585197633342e+00 9.476178624025370922e-01 5.000000000000000104e-03 5.000000000000000104e-03
4.117410316306278906e-02 -2.210377702819153745e-01 1.012801433540247015e-01 -2.562569066599104328e+00 -3.287057442792933049e-02 2.343838826241078976e+00 9.477840711105340876e-01 5.000000000000000104e-03 5.000000000000000104e-03
4.121624656445793677e-02 -2.204601240248882099e-01 1.013838077791567593e-01 -2.562780299532990469e+00 -3.290421882345433841e-02 2.344630067284524166e+00 9.479502798185310830e-01 5.000000000000000104e-03 5.000000000000000104e-03
4.125838996585308449e-02 -2.198824777678610454e-01 1.014874722042888172e-01 -2.562991532466876610e+00 -3.293786321897934632e-02 2.345421308327969356e+00 9.481164885265280784e-01 5.000000000000000104e-03 5.000000000000000104e-03
4.130053336724823915e-02 -2.193048315108338808e-01 1.015911366294208751e-01 -2.563202765400762750e+00 -3.297150761450434731e-02 2.346212549371414990e+00 9.482826972345250738e-01 5.000000000000000104e-03 5.000000000000000104e-03
4.134267676864339380e-02 -2.187271852538067163e-01 1.016948010545529330e-01 -2.563413998334648891e+00 -3.300515201002934829e-02 2.347003790414860624e+00 9.484489059425220692e-01 5.000000000000000104e-03 5.000000000000000104e-03
4.138482017003854152e-02 -2.181495389967795517e-01 1.017984654796849908e-01 -2.563625231268535032e+00 -3.303879640555435621e-02 2.347795031458305814e+00 9.486151146505190646e-01 5.000000000000000104e-03 5.000000000000000104e-03
4.142696357143368924e-02 -2.175718927397523872e-01 1.019021299048170487e-01 -2.563836464202421173e+00 -3.307244080107936413e-02 2.348586272501751004e+00 9.487813233585160599e-01 5.000000000000000104e-03 5.000000000000000104e-03
4.146910697282884389e-02 -2.169942464827252226e-01 1.020057943299491066e-01 -2.564047697136307313e+00 -3.310608519660436511e-02 2.349377513545196638e+00 9.489475320665130553e-01 5.000000000000000104e-03 5.000000000000000104e-03
4.151125037422399855e-02 -2.164166002256980581e-01 1.021094587550811644e-01 -2.564258930070193454e+00 -3.313972959212936609e-02 2.350168754588642273e+00 9.491137407745100507e-01 5.000000000000000104e-03 5.000000000000000104e-03
4.155339377561914627e-02 -2.158389539686708936e-01 1.022131231802132223e-01 -2.564470163004079595e+00 -3.317337398765437401e-02 2.350959995632087463e+00 9.492799494825070461e-01 5.000000000000000104e-03 5.000000000000000104e-03
4.159553717701429398e-02 -2.152613077116437290e-01 1.023167876053452802e-01 -2.564681395937965735e+00 -3.320701838317938193e-02 2.351751236675532652e+00 9.494461581905040415e-01 5.000000000000000104e-03 5.000000000000000104e-03
4.163768057840944864e-02 -2.146836614546165645e-01 1.024204520304773380e-01 -2.564892628871851876e+00 -3.324066277870438291e-02 2.352542477718978287e+00 9.496123668985010369e-01 5.000000000000000104e-03 5.000000000000000104e-03
4.167982397980460330e-02 -2.141060151975893999e-01 1.025241164556094098e-01 -2.565103861805738017e+00 -3.327430717422938389e-02 2.353333718762423921e+00 9.497785756064980323e-01 5.000000000000000104e-03 5.000000000000000104e-03
4.172196738119975101e-02 -2.135283689405622354e-01 1.026277808807414677e-01 -2.565315094739624158e+00 -3.330795156975439181e-02 2.354124959805869111e+00 9.499447843144950276e-01 5.000000000000000104e-03 5.000000000000000104e-03
4.176411078259489873e-02 -2.129507226835350708e-01 1.027314453058735255e-01 -2.565526327673510298e+00 -3.334159596527939973e-02 2.354916200849314301e+00 9.501109930224920230e-01 5.000000000000000104e-03 5.000000000000000104e-03
4.180625418399005339e-02 -2.123730764265079063e-01 1.028351097310055973e-01 -2.565737560607396439e+00 -3.337524036080440071e-02 2.355707441892759935e+00 9.502772017304890184e-01 5.000000000000000104e-03 5.000000000000000104e-03
4.184839758538520804e-02 -2.117954301694807417e-01 1.029387741561376690e-01 -2.565948793541282580e+00 -3.340888475632940169e-02 2.356498682936205569e+00 9.504434104384860138e-01 5.000000000000000104e-03 5.000000000000000104e-03
4.189054098678035576e-02 -2.112177839124535772e-01 1.030424385812697269e-01 -2.566160026475168721e+00 -3.344252915185440961e-02 2.357289923979650759e+00 9.506096191464830092e-01 5.000000000000000104e-03 5.000000000000000104e-03
4.193268438817550348e-02 -2.106401376554264404e-01 1.031461030064017848e-01 -2.566371259409054861e+00 -3.347617354737941753e-02 2.358081165023095949e+00 9.507758278544800046e-01 5.000000000000000104e-03 5.000000000000000104e-03
4.197482778957065813e-02 -2.100624913983992759e-01 1.032497674315338565e-01 -2.566582492342941002e+00 -3.350981794290441851e-02 2.358872406066541583e+00 9.509420365624770000e-01 5.000000000000000104e-03 5.000000000000000104e-03
4.201697119096581279e-02 -2.094848451413721113e-01 1.033534318566659282e-01 -2.566793725276827143e+00 -3.354346233842941949e-02 2.359663647109987217e+00 9.511082452704739953e-01 5.000000000000000104e-03 5.000000000000000104e-03
4.205911459236096051e-02 -2.089071988843449745e-01 1.034570962817979861e-01 -2.567004958210713284e+00 -3.357710673395442741e-02 2.360454888153432407e+00 9.512744539784709907e-01 5.000000000000000104e-03 5.000000000000000104e-03
4.210125799375610822e-02 -2.083295526273178377e-01 1.035607607069300440e-01 -2.567216191144599424e+00 -3.361075112947943533e-02 2.361246129196877597e+00 9.514406626864679861e-01 5.000000000000000104e-03 5.000000000000000104e-03
4.214340139515126288e-02 -2.077519063702906732e-01 1.036644251320621157e-01 -2.567427424078485565e+00 -3.364439552500443631e-02 2.362037370240323231e+00 9.516068713944649815e-01 5.000000000000000104e-03 5.000000000000000104e-03
4.218554479654641753e-02 -2.071742601132635087e-01 1.037680895571941875e-01 -2.567638657012371706e+00 -3.367803992052943729e-02 2.362828611283768865e+00 9.517730801024619769e-01 5.000000000000000104e-03 5.000000000000000104e-03
4.222768819794156525e-02 -2.065966138562363719e-01 1.038717539823262453e-01 -2.567849889946257846e+00 -3.371168431605444521e-02 2.363619852327214055e+00 9.519392888104590833e-01 5.000000000000000104e-03 5.000000000000000104e-03
4.226983159933671297e-02 -2.060189675992092351e-01 1.039754184074583032e-01 -2.568061122880143987e+00 -3.374532871157945313e-02 2.364411093370659245e+00 9.521054975184561897e-01 5.000000000000000104e-03 5.000000000000000104e-03
4.231197500073186762e-02 -2.054413213421820705e-01 1.040790828325903750e-01 -2.568272355814030128e+00 -3.377897310710445411e-02 2.365202334414104879e+00 9.522717062264531851e-01 5.000000000000000104e-03 5.000000000000000104e-03
4.235411840212702228e-02 -2.048636750851549060e-01 1.041827472577224467e-01 -2.568483588747916269e+00 -3.381261750262945509e-02 2.365993575457550513e+00 9.524379149344501805e-01 5.000000000000000104e-03 5.000000000000000104e-03
4.239626180352217000e-02 -2.042860288281277692e-01 1.042864116828545046e-01 -2.568694821681802409e+00 -3.384626189815446301e-02 2.366784816500995703e+00 9.526041236424472869e-01 5.000000000000000104e-03 5.000000000000000104e-03
4.243840520491731771e-02 -2.037083825711006324e-01 1.043900761079865624e-01 -2.568906054615688550e+00 -3.387990629367947093e-02 2.367576057544440893e+00 9.527703323504443933e-01 5.000000000000000104e-03 5.000000000000000104e-03
4.248054860631247237e-02 -2.031307363140734679e-01 1.044937405331186342e-01 -2.569117287549574691e+00 -3.391355068920447191e-02 2.368367298587886527e+00 9.529365410584413887e-01 5.000000000000000104e-03 5.000000000000000104e-03
4.252269200770762703e-02 -2.025530900570463033e-01 1.045974049582507059e-01 -2.569328520483460832e+00 -3.394719508472947289e-02 2.369158539631332161e+00 9.531027497664383841e-01 5.000000000000000104e-03 5.000000000000000104e-03
4.256483540910277474e-02 -2.019754438000191665e-01 1.047010693833827638e-01 -2.569539753417346972e+00 -3.398083948025448081e-02 2.369949780674777351e+00 9.532689584744354905e-01 5.000000000000000104e-03 5.000000000000000104e-03
4.260697881049792246e-02 -2.013977975429920297e-01 1.048047338085148217e-01 -2.569750986351233113e+00 -3.401448387577948873e-02 2.370741021718222541e+00 9.534351671824325969e-01 5.000000000000000104e-03 5.000000000000000104e-03
4.264912221189307712e-02 -2.008201512859648652e-01 1.049083982336468934e-01 -2.569962219285119254e+00 -3.404812827130448971e-02 2.371532262761668175e+00 9.536013758904295923e-01 5.000000000000000104e-03 5.000000000000000104e-03
4.269126561328823177e-02 -2.002425050289377007e-01 1.050120626587789652e-01 -2.570173452219005394e+00 -3.408177266682949069e-02 2.372323503805113809e+00 9.537675845984265877e-01 5.000000000000000104e-03 5.000000000000000104e-03
4.273340901468337949e-02 -1.996648587719105639e-01 1.051157270839110230e-01 -2.570384685152891535e+00 -3.411541706235449861e-02 2.373114744848558999e+00 9.539337933064236941e-01 5.000000000000000104e-03 5.000000000000000104e-03
4.277555241607852721e-02 -1.990872125148834271e-01 1.052193915090430809e-01 -2.570595918086777676e+00 -3.414906145787950653e-02 2.373905985892004189e+00 9.541000020144208005e-01 5.000000000000000104e-03 5.000000000000000104e-03
4.281769581747368186e-02 -1.985095662578562625e-01 1.053230559341751527e-01 -2.570807151020663817e+00 -3.418270585340450751e-02 2.374697226935449823e+00 9.542662107224177959e-01 5.000000000000000104e-03 5.000000000000000104e-03
4.285983921886883652e-02 -1.979319200008290980e-01 1.054267203593072244e-01 -2.571018383954549957e+00 -3.421635024892950849e-02 2.375488467978895457e+00 9.544324194304147913e-01 5.000000000000000104e-03 5.000000000000000104e-03
4.290198262026398424e-02 -1.973542737438019612e-01 1.055303847844392823e-01 -2.571229616888436098e+00 -3.424999464445451641e-02 2.376279709022340647e+00 9.545986281384118977e-01 5.000000000000000104e-03 5.000000000000000104e-03
4.294412602165913195e-02 -1.967766274867748244e-01 1.056340492095713401e-01 -2.571440849822322239e+00 -3.428363903997952433e-02 2.377070950065785837e+00 9.547648368464090041e-01 5.000000000000000104e-03 5.000000000000000104e-03
4.298626942305428661e-02 -1.961989812297476599e-01 1.057377136347034119e-01 -2.571652082756208380e+00 -3.431728343550452531e-02 2.377862191109231471e+00 9.549310455544059995e-01 5.000000000000000104e-03 5.000000000000000104e-03
4.302841282444944127e-02 -1.956213349727204953e-01 1.058413780598354698e-01 -2.571863315690094520e+00 -3.435092783102952629e-02 2.378653432152677105e+00 9.550972542624029948e-01 5.000000000000000104e-03 5.000000000000000104e-03
4.307055622584458898e-02 -1.950436887156933308e-01 1.059450424849675276e-01 -2.572074548623980661e+00 -3.438457222655452727e-02 2.379444673196122739e+00 9.552634629703999902e-01 5.000000000000000104e-03 5.000000000000000104e-03
4.311269962723974364e-02 -1.944660424586661662e-01 1.060487069100995855e-01 -2.572285781557866802e+00 -3.441821662207953519e-02 2.380235914239568373e+00 9.554296716783969856e-01 5.000000000000000104e-03 5.000000000000000104e-03
4.315484302863489829e-02 -1.938883962016390017e-01 1.061523713352316434e-01 -2.572497014491752942e+00 -3.445186101760454311e-02 2.381027155283013563e+00 9.555958803863939810e-01 5.000000000000000104e-03 5.000000000000000104e-03
4.319698643003004601e-02 -1.933107499446118371e-01 1.062560357603637012e-01 -2.572708247425639083e+00 -3.448550541312954409e-02 2.381818396326459197e+00 9.557620890943909764e-01 5.000000000000000104e-03 5.000000000000000104e-03
4.323912983142519373e-02 -1.927331036875846726e-01 1.063597001854957591e-01 -2.572919480359525224e+00 -3.451914980865454508e-02 2.382609637369904831e+00 9.559282978023879718e-01 5.000000000000000104e-03 5.000000000000000104e-03
4.328127323282034838e-02 -1.921554574305575080e-01 1.064633646106278170e-01 -2.573130713293411365e+00 -3.455279420417955299e-02 2.383400878413350021e+00 9.560945065103849672e-01 5.000000000000000104e-03 5.000000000000000104e-03
4.332341663421550304e-02 -1.915778111735303435e-01 1.065670290357598748e-01 -2.573341946227297505e+00 -3.458643859970456091e-02 2.384192119456795211e+00 9.562607152183819625e-01 5.000000000000000104e-03 5.000000000000000104e-03
4.336556003561065076e-02 -1.910001649165031790e-01 1.066706934608919327e-01 -2.573553179161183646e+00 -3.462008299522956190e-02 2.384983360500240845e+00 9.564269239263789579e-01 5.000000000000000104e-03 5.000000000000000104e-03
4.340770343700579847e-02 -1.904225186594760144e-01 1.067743578860239906e-01 -2.573764412095069787e+00 -3.465372739075456288e-02 2.385774601543686479e+00 9.565931326343759533e-01 5.000000000000000104e-03 5.000000000000000104e-03
4.344984683840095313e-02 -1.898448724024488499e-01 1.068780223111560485e-01 -2.573975645028955928e+00 -3.468737178627957080e-02 2.386565842587131669e+00 9.567593413423729487e-01 5.000000000000000104e-03 5.000000000000000104e-03
4.349199023979610779e-02 -1.892672261454216853e-01 1.069816867362881063e-01 -2.574186877962842068e+00 -3.472101618180457872e-02 2.387357083630576859e+00 9.569255500503699441e-01 5.000000000000000104e-03 5.000000000000000104e-03
4.353413364119125550e-02 -1.886895798883945208e-01 1.070853511614201642e-01 -2.574398110896728209e+00 -3.475466057732957970e-02 2.388148324674022493e+00 9.570917587583669395e-01 5.000000000000000104e-03 5.000000000000000104e-03
4.357627704258640322e-02 -1.881119336313673562e-01 1.071890155865522221e-01 -2.574609343830614350e+00 -3.478830497285458068e-02 2.388939565717468128e+00 9.572579674663639349e-01 5.000000000000000104e-03 5.000000000000000104e-03
4.361842044398155788e-02 -1.875342873743401917e-01 1.072926800116842799e-01 -2.574820576764500490e+00 -3.482194936837958860e-02 2.389730806760913318e+00 9.574241761743609302e-01 5.000000000000000104e-03 5.000000000000000104e-03
4.366056384537671253e-02 -1.869566411173130271e-01 1.073963444368163378e-01 -2.575031809698386631e+00 -3.485559376390459652e-02 2.390522047804358508e+00 9.575903848823579256e-01 5.000000000000000104e-03 5.000000000000000104e-03
4.370270724677186025e-02 -1.863789948602858626e-01 1.075000088619483957e-01 -2.575243042632272772e+00 -3.488923815942959750e-02 2.391313288847804142e+00 9.577565935903549210e-01 5.000000000000000104e-03 5.000000000000000104e-03
4.374485064816700797e-02 -1.858013486032586981e-01 1.076036732870804535e-01 -2.575454275566158913e+00 -3.492288255495459848e-02 2.392104529891249776e+00 9.579228022983519164e-01 5.000000000000000104e-03 5.000000000000000104e-03
4.378699404956216262e-02 -1.852237023462315335e-01 1.077073377122125114e-01 -2.575665508500045053e+00 -3.495652695047960640e-02 2.392895770934694966e+00 9.580890110063489118e-01 5.000000000000000104e-03 5.000000000000000104e-03
4.382913745095731728e-02 -1.846460560892043690e-01 1.078110021373445693e-01 -2.575876741433931194e+00 -3.499017134600461432e-02 2.393687011978140156e+00 9.582552197143459072e-01 5.000000000000000104e-03 5.000000000000000104e-03
4.387128085235246500e-02 -1.840684098321772044e-01 1.079146665624766410e-01 -2.576087974367817335e+00 -3.502381574152961530e-02 2.394478253021585790e+00 9.584214284223429026e-01 5.000000000000000104e-03 5.000000000000000104e-03
4.391342425374761271e-02 -1.834907635751500399e-01 1.080183309876087128e-01 -2.576299207301703476e+00 -3.505746013705461628e-02 2.395269494065031424e+00 9.585876371303398980e-01 5.000000000000000104e-03 5.000000000000000104e-03
4.395556765514276737e-02 -1.829131173181228753e-01 1.081219954127407706e-01 -2.576510440235589616e+00 -3.509110453257962420e-02 2.396060735108476614e+00 9.587538458383368933e-01 5.000000000000000104e-03 5.000000000000000104e-03
4.399771105653792203e-02 -1.823354710610957108e-01 1.082256598378728285e-01 -2.576721673169475757e+00 -3.512474892810463212e-02 2.396851976151921804e+00 9.589200545463338887e-01 5.000000000000000104e-03 5.000000000000000104e-03
4.403985445793306974e-02 -1.817578248040685462e-01 1.083293242630049003e-01 -2.576932906103361898e+00 -3.515839332362963310e-02 2.397643217195367438e+00 9.590862632543308841e-01 5.000000000000000104e-03 5.000000000000000104e-03
4.408199785932821746e-02 -1.811801785470413817e-01 1.084329886881369720e-01 -2.577144139037248038e+00 -3.519203771915463408e-02 2.398434458238813072e+00 9.592524719623278795e-01 5.000000000000000104e-03 5.000000000000000104e-03
4.412414126072337212e-02 -1.806025322900142449e-01 1.085366531132690299e-01 -2.577355371971134179e+00 -3.522568211467964200e-02 2.399225699282258262e+00 9.594186806703248749e-01 5.000000000000000104e-03 5.000000000000000104e-03
4.416628466211852677e-02 -1.800248860329871081e-01 1.086403175384010877e-01 -2.577566604905020320e+00 -3.525932651020464992e-02 2.400016940325703452e+00 9.595848893783218703e-01 5.000000000000000104e-03 5.000000000000000104e-03
4.420842806351367449e-02 -1.794472397759599436e-01 1.087439819635331595e-01 -2.577777837838906461e+00 -3.529297090572965090e-02 2.400808181369149086e+00 9.597510980863188657e-01 5.000000000000000104e-03 5.000000000000000104e-03
4.425057146490882221e-02 -1.788695935189327790e-01 1.088476463886652312e-01 -2.577989070772792601e+00 -3.532661530125465188e-02 2.401599422412594720e+00 9.599173067943158610e-01 5.000000000000000104e-03 5.000000000000000104e-03
4.429271486630397686e-02 -1.782919472619056422e-01 1.089513108137972891e-01 -2.578200303706678742e+00 -3.536025969677965980e-02 2.402390663456039910e+00 9.600835155023129674e-01 5.000000000000000104e-03 5.000000000000000104e-03
4.433485826769913152e-02 -1.777143010048785055e-01 1.090549752389293470e-01 -2.578411536640564883e+00 -3.539390409230466772e-02 2.403181904499485100e+00 9.602497242103100739e-01 5.000000000000000104e-03 5.000000000000000104e-03
4.437700166909427923e-02 -1.771366547478513409e-01 1.091586396640614187e-01 -2.578622769574451024e+00 -3.542754848782966870e-02 2.403973145542930734e+00 9.604159329183070692e-01 5.000000000000000104e-03 5.000000000000000104e-03
4.441914507048942695e-02 -1.765590084908241764e-01 1.092623040891934905e-01 -2.578834002508337164e+00 -3.546119288335466968e-02 2.404764386586376368e+00 9.605821416263040646e-01 5.000000000000000104e-03 5.000000000000000104e-03
4.446128847188458161e-02 -1.759813622337970396e-01 1.093659685143255483e-01 -2.579045235442223305e+00 -3.549483727887967760e-02 2.405555627629821558e+00 9.607483503343011710e-01 5.000000000000000104e-03 5.000000000000000104e-03
4.450343187327973626e-02 -1.754037159767699028e-01 1.094696329394576062e-01 -2.579256468376109446e+00 -3.552848167440468552e-02 2.406346868673266748e+00 9.609145590422982774e-01 5.000000000000000104e-03 5.000000000000000104e-03
4.454557527467488398e-02 -1.748260697197427382e-01 1.095732973645896779e-01 -2.579467701309995586e+00 -3.556212606992968650e-02 2.407138109716712382e+00 9.610807677502952728e-01 5.000000000000000104e-03 5.000000000000000104e-03
4.458771867607003170e-02 -1.742484234627155737e-01 1.096769617897217497e-01 -2.579678934243881727e+00 -3.559577046545468748e-02 2.407929350760158016e+00 9.612469764582922682e-01 5.000000000000000104e-03 5.000000000000000104e-03
4.462986207746518635e-02 -1.736707772056884369e-01 1.097806262148538076e-01 -2.579890167177767868e+00 -3.562941486097969540e-02 2.408720591803603206e+00 9.614131851662893746e-01 5.000000000000000104e-03 5.000000000000000104e-03
4.467200547886034101e-02 -1.730931309486613001e-01 1.098842906399858654e-01 -2.580101400111654009e+00 -3.566305925650470332e-02 2.409511832847048396e+00 9.615793938742864810e-01 5.000000000000000104e-03 5.000000000000000104e-03
4.471414888025548873e-02 -1.725154846916341356e-01 1.099879550651179372e-01 -2.580312633045540149e+00 -3.569670365202970430e-02 2.410303073890494030e+00 9.617456025822834764e-01 5.000000000000000104e-03 5.000000000000000104e-03
4.475629228165063644e-02 -1.719378384346069710e-01 1.100916194902500089e-01 -2.580523865979426290e+00 -3.573034804755470528e-02 2.411094314933939664e+00 9.619118112902804718e-01 5.000000000000000104e-03 5.000000000000000104e-03
4.479843568304579110e-02 -1.713601921775798342e-01 1.101952839153820668e-01 -2.580735098913312431e+00 -3.576399244307971320e-02 2.411885555977384854e+00 9.620780199982775782e-01 5.000000000000000104e-03 5.000000000000000104e-03
4.484057908444094576e-02 -1.707825459205526974e-01 1.102989483405141247e-01 -2.580946331847198572e+00 -3.579763683860472112e-02 2.412676797020830044e+00 9.622442287062746846e-01 5.000000000000000104e-03 5.000000000000000104e-03
4.488272248583609347e-02 -1.702048996635255329e-01 1.104026127656461964e-01 -2.581157564781084712e+00 -3.583128123412972210e-02 2.413468038064275678e+00 9.624104374142716800e-01 5.000000000000000104e-03 5.000000000000000104e-03
4.492486588723124119e-02 -1.696272534064983684e-01 1.105062771907782682e-01 -2.581368797714970853e+00 -3.586492562965472308e-02 2.414259279107721312e+00 9.625766461222686754e-01 5.000000000000000104e-03 5.000000000000000104e-03
4.496700928862639585e-02 -1.690496071494712316e-01 1.106099416159103260e-01 -2.581580030648856994e+00 -3.589857002517973100e-02 2.415050520151166502e+00 9.627428548302657818e-01 5.000000000000000104e-03 5.000000000000000104e-03
4.500915269002155050e-02 -1.684719608924440948e-01 1.107136060410423839e-01 -2.581791263582743134e+00 -3.593221442070473892e-02 2.415841761194611692e+00 9.629090635382628882e-01 5.000000000000000104e-03 5.000000000000000104e-03
4.505129609141669822e-02 -1.678943146354169302e-01 1.108172704661744556e-01 -2.582002496516629275e+00 -3.596585881622973990e-02 2.416633002238057326e+00 9.630752722462598836e-01 5.000000000000000104e-03 5.000000000000000104e-03
4.509343949281184594e-02 -1.673166683783897657e-01 1.109209348913065274e-01 -2.582213729450515416e+00 -3.599950321175474088e-02 2.417424243281502960e+00 9.632414809542568790e-01 5.000000000000000104e-03 5.000000000000000104e-03
4.513558289420700059e-02 -1.667390221213626289e-01 1.110245993164385853e-01 -2.582424962384401557e+00 -3.603314760727974880e-02 2.418215484324948150e+00 9.634076896622539854e-01 5.000000000000000104e-03 5.000000000000000104e-03
4.517772629560215525e-02 -1.661613758643354644e-01 1.111282637415706431e-01 -2.582636195318287697e+00 -3.606679200280474978e-02 2.419006725368393784e+00 9.635738983702509808e-01 5.000000000000000104e-03 5.000000000000000104e-03
4.521986969699730297e-02 -1.655837296073082998e-01 1.112319281667027010e-01 -2.582847428252173838e+00 -3.610043639832975770e-02 2.419797966411839418e+00 9.637401070782479762e-01 5.000000000000000104e-03 5.000000000000000104e-03
4.526201309839245762e-02 -1.650060833502811353e-01 1.113355925918347589e-01 -2.583058661186059979e+00 -3.613408079385475868e-02 2.420589207455285052e+00 9.639063157862449716e-01 5.000000000000000104e-03 5.000000000000000104e-03
4.530415649978761228e-02 -1.644284370932539707e-01 1.114392570169668167e-01 -2.583269894119946120e+00 -3.616772518937975966e-02 2.421380448498730686e+00 9.640725244942419669e-01 5.000000000000000104e-03 5.000000000000000104e-03
4.534629990118275999e-02 -1.638507908362268062e-01 1.115429214420988746e-01 -2.583481127053832260e+00 -3.620136958490476758e-02 2.422171689542176320e+00 9.642387332022389623e-01 5.000000000000000104e-03 5.000000000000000104e-03
4.538844330257790771e-02 -1.632731445791996416e-01 1.116465858672309325e-01 -2.583692359987718401e+00 -3.623501398042977550e-02 2.422962930585621955e+00 9.644049419102359577e-01 5.000000000000000104e-03 5.000000000000000104e-03
4.543058670397306237e-02 -1.626954983221724771e-01 1.117502502923629903e-01 -2.583903592921604542e+00 -3.626865837595477648e-02 2.423754171629067145e+00 9.645711506182329531e-01 5.000000000000000104e-03 5.000000000000000104e-03
4.547273010536821702e-02 -1.621178520651453125e-01 1.118539147174950482e-01 -2.584114825855490682e+00 -3.630230277147977747e-02 2.424545412672512334e+00 9.647373593262299485e-01 5.000000000000000104e-03 5.000000000000000104e-03
4.551487350676336474e-02 -1.615402058081181480e-01 1.119575791426271061e-01 -2.584326058789376823e+00 -3.633594716700478539e-02 2.425336653715957969e+00 9.649035680342269439e-01 5.000000000000000104e-03 5.000000000000000104e-03
4.555701690815851246e-02 -1.609625595510909835e-01 1.120612435677591640e-01 -2.584537291723262964e+00 -3.636959156252979330e-02 2.426127894759403603e+00 9.650697767422239393e-01 5.000000000000000104e-03 5.000000000000000104e-03
4.559916030955366711e-02 -1.603849132940638189e-01 1.121649079928912218e-01 -2.584748524657149105e+00 -3.640323595805479429e-02 2.426919135802848793e+00 9.652359854502209346e-01 5.000000000000000104e-03 5.000000000000000104e-03
4.564130371094882177e-02 -1.598072670370366544e-01 1.122685724180232797e-01 -2.584959757591035245e+00 -3.643688035357979527e-02 2.427710376846293983e+00 9.654021941582179300e-01 5.000000000000000104e-03 5.000000000000000104e-03
4.568344711234396949e-02 -1.592296207800094898e-01 1.123722368431553376e-01 -2.585170990524921386e+00 -3.647052474910480319e-02 2.428501617889739617e+00 9.655684028662149254e-01 5.000000000000000104e-03 5.000000000000000104e-03
4.572559051373911720e-02 -1.586519745229823253e-01 1.124759012682873954e-01 -2.585382223458807527e+00 -3.650416914462981111e-02 2.429292858933185251e+00 9.657346115742119208e-01 5.000000000000000104e-03 5.000000000000000104e-03
4.576773391513427186e-02 -1.580743282659551607e-01 1.125795656934194533e-01 -2.585593456392693668e+00 -3.653781354015481209e-02 2.430084099976630441e+00 9.659008202822089162e-01 5.000000000000000104e-03 5.000000000000000104e-03
4.580987731652942652e-02 -1.574966820089279962e-01 1.126832301185515112e-01 -2.585804689326579808e+00 -3.657145793567981307e-02 2.430875341020075631e+00 9.660670289902059116e-01 5.000000000000000104e-03 5.000000000000000104e-03
4.585202071792457423e-02 -1.569190357519008316e-01 1.127868945436835690e-01 -2.586015922260465949e+00 -3.660510233120482099e-02 2.431666582063521265e+00 9.662332376982029070e-01 5.000000000000000104e-03 5.000000000000000104e-03
4.589416411931972195e-02 -1.563413894948736671e-01 1.128905589688156269e-01 -2.586227155194352090e+00 -3.663874672672982891e-02 2.432457823106966899e+00 9.663994464061999023e-01 5.000000000000000104e-03 5.000000000000000104e-03
4.593630752071487661e-02 -1.557637432378465026e-01 1.129942233939476848e-01 -2.586438388128238230e+00 -3.667239112225482989e-02 2.433249064150412089e+00 9.665656551141968977e-01 5.000000000000000104e-03 5.000000000000000104e-03
4.597845092211003126e-02 -1.551860969808193380e-01 1.130978878190797565e-01 -2.586649621062124371e+00 -3.670603551777983087e-02 2.434040305193857279e+00 9.667318638221938931e-01 5.000000000000000104e-03 5.000000000000000104e-03
4.602059432350517898e-02 -1.546084507237921735e-01 1.132015522442118144e-01 -2.586860853996010512e+00 -3.673967991330483879e-02 2.434831546237302913e+00 9.668980725301908885e-01 5.000000000000000104e-03 5.000000000000000104e-03
4.606273772490032670e-02 -1.540308044667650089e-01 1.133052166693438723e-01 -2.587072086929896653e+00 -3.677332430882984671e-02 2.435622787280748547e+00 9.670642812381878839e-01 5.000000000000000104e-03 5.000000000000000104e-03
4.610488112629548135e-02 -1.534531582097378444e-01 1.134088810944759440e-01 -2.587283319863782793e+00 -3.680696870435484769e-02 2.436414028324193737e+00 9.672304899461848793e-01 5.000000000000000104e-03 5.000000000000000104e-03
4.614702452769063601e-02 -1.528755119527106798e-01 1.135125455196080158e-01 -2.587494552797668934e+00 -3.684061309987984867e-02 2.437205269367638927e+00 9.673966986541818747e-01 5.000000000000000104e-03 5.000000000000000104e-03
4.618916792908578373e-02 -1.522978656956835153e-01 1.136162099447400736e-01 -2.587705785731555075e+00 -3.687425749540485659e-02 2.437996510411084561e+00 9.675629073621788701e-01 5.000000000000000104e-03 5.000000000000000104e-03
4.623131133048093144e-02 -1.517202194386563785e-01 1.137198743698721315e-01 -2.587917018665441216e+00 -3.690790189092986451e-02 2.438787751454530195e+00 9.677291160701758654e-01 5.000000000000000104e-03 5.000000000000000104e-03
4.627345473187608610e-02 -1.511425731816292140e-01 1.138235387950042032e-01 -2.588128251599327356e+00 -3.694154628645486549e-02 2.439578992497975385e+00 9.678953247781728608e-01 5.000000000000000104e-03 5.000000000000000104e-03
4.631559813327124075e-02 -1.505649269246020494e-01 1.139272032201362750e-01 -2.588339484533213497e+00 -3.697519068197986647e-02 2.440370233541420575e+00 9.680615334861698562e-01 5.000000000000000104e-03 5.000000000000000104e-03
4.635774153466638847e-02 -1.499872806675749126e-01 1.140308676452683329e-01 -2.588550717467099638e+00 -3.700883507750487439e-02 2.441161474584866209e+00 9.682277421941668516e-01 5.000000000000000104e-03 5.000000000000000104e-03
4.639988493606153619e-02 -1.494096344105477758e-01 1.141345320704003907e-01 -2.588761950400985778e+00 -3.704247947302988231e-02 2.441952715628311843e+00 9.683939509021639580e-01 5.000000000000000104e-03 5.000000000000000104e-03
4.644202833745669085e-02 -1.488319881535206113e-01 1.142381964955324625e-01 -2.588973183334871919e+00 -3.707612386855488329e-02 2.442743956671757033e+00 9.685601596101609534e-01 5.000000000000000104e-03 5.000000000000000104e-03
4.648417173885184550e-02 -1.482543418964934467e-01 1.143418609206645342e-01 -2.589184416268758060e+00 -3.710976826407988427e-02 2.443535197715202223e+00 9.687263683181579488e-01 5.000000000000000104e-03 5.000000000000000104e-03
4.652631514024699322e-02 -1.476766956394663100e-01 1.144455253457965921e-01 -2.589395649202644201e+00 -3.714341265960489219e-02 2.444326438758647857e+00 9.688925770261550552e-01 5.000000000000000104e-03 5.000000000000000104e-03
4.656845854164214094e-02 -1.470990493824391732e-01 1.145491897709286500e-01 -2.589606882136530341e+00 -3.717705705512990011e-02 2.445117679802093491e+00 9.690587857341521616e-01 5.000000000000000104e-03 5.000000000000000104e-03
4.661060194303729559e-02 -1.465214031254120086e-01 1.146528541960607217e-01 -2.589818115070416482e+00 -3.721070145065490109e-02 2.445908920845538681e+00 9.692249944421491570e-01 5.000000000000000104e-03 5.000000000000000104e-03
4.665274534443245025e-02 -1.459437568683848441e-01 1.147565186211927935e-01 -2.590029348004302623e+00 -3.724434584617990207e-02 2.446700161888983871e+00 9.693912031501461524e-01 5.000000000000000104e-03 5.000000000000000104e-03
4.669488874582759796e-02 -1.453661106113577073e-01 1.148601830463248513e-01 -2.590240580938188764e+00 -3.727799024170490999e-02 2.447491402932429505e+00 9.695574118581432588e-01 5.000000000000000104e-03 5.000000000000000104e-03
4.673703214722274568e-02 -1.447884643543305705e-01 1.149638474714569092e-01 -2.590451813872074904e+00 -3.731163463722991791e-02 2.448282643975875139e+00 9.697236205661403652e-01 5.000000000000000104e-03 5.000000000000000104e-03
4.677917554861790034e-02 -1.442108180973034059e-01 1.150675118965889809e-01 -2.590663046805961045e+00 -3.734527903275491889e-02 2.449073885019320329e+00 9.698898292741373606e-01 5.000000000000000104e-03 5.000000000000000104e-03
4.682131895001305499e-02 -1.436331718402762414e-01 1.151711763217210527e-01 -2.590874279739847186e+00 -3.737892342827991987e-02 2.449865126062765519e+00 9.700560379821343560e-01 5.000000000000000104e-03 5.000000000000000104e-03
4.686346235140820271e-02 -1.430555255832491046e-01 1.152748407468531106e-01 -2.591085512673733326e+00 -3.741256782380492779e-02 2.450656367106211153e+00 9.702222466901314624e-01 5.000000000000000104e-03 5.000000000000000104e-03
4.690560575280335043e-02 -1.424778793262219678e-01 1.153785051719851684e-01 -2.591296745607619467e+00 -3.744621221932993571e-02 2.451447608149656787e+00 9.703884553981285688e-01 5.000000000000000104e-03 5.000000000000000104e-03
4.694774915419850508e-02 -1.419002330691948033e-01 1.154821695971172402e-01 -2.591507978541505608e+00 -3.747985661485493669e-02 2.452238849193101977e+00 9.705546641061255642e-01 5.000000000000000104e-03 5.000000000000000104e-03
4.698989255559365974e-02 -1.413225868121676387e-01 1.155858340222493119e-01 -2.591719211475391749e+00 -3.751350101037993767e-02 2.453030090236547167e+00 9.707208728141225595e-01 5.000000000000000104e-03 5.000000000000000104e-03
4.703203595698880746e-02 -1.407449405551405019e-01 1.156894984473813698e-01 -2.591930444409277889e+00 -3.754714540590494559e-02 2.453821331279992801e+00 9.708870815221196660e-01 5.000000000000000104e-03 5.000000000000000104e-03
4.707417935838395517e-02 -1.401672942981133652e-01 1.157931628725134277e-01 -2.592141677343164030e+00 -3.758078980142995351e-02 2.454612572323438435e+00 9.710532902301167724e-01 5.000000000000000104e-03 5.000000000000000104e-03
4.711632275977910983e-02 -1.395896480410862006e-01 1.158968272976454994e-01 -2.592352910277050171e+00 -3.761443419695495449e-02 2.455403813366883625e+00 9.712194989381137677e-01 5.000000000000000104e-03 5.000000000000000104e-03
4.715846616117426449e-02 -1.390120017840590361e-01 1.160004917227775711e-01 -2.592564143210936312e+00 -3.764807859247995547e-02 2.456195054410328815e+00 9.713857076461107631e-01 5.000000000000000104e-03 5.000000000000000104e-03
4.720060956256941220e-02 -1.384343555270318993e-01 1.161041561479096290e-01 -2.592775376144822452e+00 -3.768172298800496339e-02 2.456986295453774449e+00 9.715519163541078695e-01 5.000000000000000104e-03 5.000000000000000104e-03
4.724275296396455992e-02 -1.378567092700047625e-01 1.162078205730416869e-01 -2.592986609078708593e+00 -3.771536738352997131e-02 2.457777536497220083e+00 9.717181250621049760e-01 5.000000000000000104e-03 5.000000000000000104e-03
4.728489636535971458e-02 -1.372790630129775979e-01 1.163114849981737586e-01 -2.593197842012594734e+00 -3.774901177905497229e-02 2.458568777540665273e+00 9.718843337701019713e-01 5.000000000000000104e-03 5.000000000000000104e-03
4.732703976675486923e-02 -1.367014167559504334e-01 1.164151494233058165e-01 -2.593409074946480875e+00 -3.778265617457997327e-02 2.459360018584110907e+00 9.720505424780989667e-01 5.000000000000000104e-03 5.000000000000000104e-03
4.736918316815001695e-02 -1.361237704989232689e-01 1.165188138484378744e-01 -2.593620307880367015e+00 -3.781630057010497425e-02 2.460151259627556541e+00 9.722167511860959621e-01 5.000000000000000104e-03 5.000000000000000104e-03
4.741132656954517161e-02 -1.355461242418961043e-01 1.166224782735699322e-01 -2.593831540814253156e+00 -3.784994496562998217e-02 2.460942500671002175e+00 9.723829598940929575e-01 5.000000000000000104e-03 5.000000000000000104e-03
4.745346997094032626e-02 -1.349684779848689398e-01 1.167261426987019901e-01 -2.594042773748139297e+00 -3.788358936115499009e-02 2.461733741714447810e+00 9.725491686020899529e-01 5.000000000000000104e-03 5.000000000000000104e-03
4.749561337233547398e-02 -1.343908317278417752e-01 1.168298071238340480e-01 -2.594254006682025437e+00 -3.791723375667999107e-02 2.462524982757893000e+00 9.727153773100869483e-01 5.000000000000000104e-03 5.000000000000000104e-03
4.753775677373062170e-02 -1.338131854708146107e-01 1.169334715489661058e-01 -2.594465239615911578e+00 -3.795087815220499206e-02 2.463316223801338190e+00 9.728815860180839437e-01 5.000000000000000104e-03 5.000000000000000104e-03
4.757990017512577635e-02 -1.332355392137874461e-01 1.170371359740981637e-01 -2.594676472549797719e+00 -3.798452254772999998e-02 2.464107464844783824e+00 9.730477947260809390e-01 5.000000000000000104e-03 5.000000000000000104e-03
4.762204357652093101e-02 -1.326578929567602816e-01 1.171408003992302216e-01 -2.594887705483683860e+00 -3.801816694325500789e-02 2.464898705888229458e+00 9.732140034340779344e-01 5.000000000000000104e-03 5.000000000000000104e-03
4.766418697791607872e-02 -1.320802466997331170e-01 1.172444648243622795e-01 -2.595098938417570000e+00 -3.805181133878000888e-02 2.465689946931674648e+00 9.733802121420749298e-01 5.000000000000000104e-03 5.000000000000000104e-03
4.770633037931122644e-02 -1.315026004427059525e-01 1.173481292494943373e-01 -2.595310171351456141e+00 -3.808545573430500986e-02 2.466481187975119838e+00 9.735464208500719252e-01 5.000000000000000104e-03 5.000000000000000104e-03
4.774847378070638110e-02 -1.309249541856787880e-01 1.174517936746263952e-01 -2.595521404285342282e+00 -3.811910012983001778e-02 2.467272429018565472e+00 9.737126295580689206e-01 5.000000000000000104e-03 5.000000000000000104e-03
4.779061718210153575e-02 -1.303473079286516234e-01 1.175554580997584531e-01 -2.595732637219228423e+00 -3.815274452535502570e-02 2.468063670062011106e+00 9.738788382660659160e-01 5.000000000000000104e-03 5.000000000000000104e-03
4.783276058349668347e-02 -1.297696616716244589e-01 1.176591225248905109e-01 -2.595943870153114563e+00 -3.818638892088002668e-02 2.468854911105456296e+00 9.740450469740629114e-01 5.000000000000000104e-03 5.000000000000000104e-03
4.787490398489183119e-02 -1.291920154145972943e-01 1.177627869500225688e-01 -2.596155103087000704e+00 -3.822003331640502766e-02 2.469646152148901486e+00 9.742112556820599067e-01 5.000000000000000104e-03 5.000000000000000104e-03
4.791704738628698584e-02 -1.286143691575701298e-01 1.178664513751546267e-01 -2.596366336020886845e+00 -3.825367771193003558e-02 2.470437393192347120e+00 9.743774643900569021e-01 5.000000000000000104e-03 5.000000000000000104e-03
4.795919078768214050e-02 -1.280367229005429652e-01 1.179701158002866845e-01 -2.596577568954772985e+00 -3.828732210745504350e-02 2.471228634235792754e+00 9.745436730980538975e-01 5.000000000000000104e-03 5.000000000000000104e-03
4.800133418907728822e-02 -1.274590766435158007e-01 1.180737802254187424e-01 -2.596788801888659126e+00 -3.832096650298004448e-02 2.472019875279237944e+00 9.747098818060508929e-01 5.000000000000000104e-03 5.000000000000000104e-03
4.804347759047243593e-02 -1.268814303864886361e-01 1.181774446505508003e-01 -2.597000034822545267e+00 -3.835461089850504546e-02 2.472811116322683134e+00 9.748760905140478883e-01 5.000000000000000104e-03 5.000000000000000104e-03
4.808562099186759059e-02 -1.263037841294614716e-01 1.182811090756828581e-01 -2.597211267756431408e+00 -3.838825529403005338e-02 2.473602357366128768e+00 9.750422992220448837e-01 5.000000000000000104e-03 5.000000000000000104e-03
4.812776439326274525e-02 -1.257261378724343071e-01 1.183847735008149160e-01 -2.597422500690317548e+00 -3.842189968955506130e-02 2.474393598409574402e+00 9.752085079300418791e-01 5.000000000000000104e-03 5.000000000000000104e-03
4.816990779465789296e-02 -1.251484916154071425e-01 1.184884379259469739e-01 -2.597633733624203689e+00 -3.845554408508006228e-02 2.475184839453019592e+00 9.753747166380388744e-01 5.000000000000000104e-03 5.000000000000000104e-03
4.821205119605304068e-02 -1.245708453583799918e-01 1.185921023510790318e-01 -2.597844966558089830e+00 -3.848918848060506326e-02 2.475976080496464782e+00 9.755409253460358698e-01 5.000000000000000104e-03 5.000000000000000104e-03
4.825419459744819534e-02 -1.239931991013528412e-01 1.186957667762111035e-01 -2.598056199491975971e+00 -3.852283287613007118e-02 2.476767321539910416e+00 9.757071340540328652e-01 5.000000000000000104e-03 5.000000000000000104e-03
4.829633799884334999e-02 -1.234155528443256905e-01 1.187994312013431752e-01 -2.598267432425862111e+00 -3.855647727165507910e-02 2.477558562583356050e+00 9.758733427620298606e-01 5.000000000000000104e-03 5.000000000000000104e-03
4.833848140023849771e-02 -1.228379065872985398e-01 1.189030956264752331e-01 -2.598478665359748252e+00 -3.859012166718008008e-02 2.478349803626801240e+00 9.760395514700268560e-01 5.000000000000000104e-03 5.000000000000000104e-03
4.838062480163364543e-02 -1.222602603302713892e-01 1.190067600516072910e-01 -2.598689898293634393e+00 -3.862376606270508106e-02 2.479141044670246430e+00 9.762057601780238514e-01 5.000000000000000104e-03 5.000000000000000104e-03
4.842276820302880008e-02 -1.216826140732442385e-01 1.191104244767393627e-01 -2.598901131227520533e+00 -3.865741045823008898e-02 2.479932285713692064e+00 9.763719688860208468e-01 5.000000000000000104e-03 5.000000000000000104e-03
4.846491160442395474e-02 -1.211049678162170878e-01 1.192140889018714345e-01 -2.599112364161406674e+00 -3.869105485375509690e-02 2.480723526757137698e+00 9.765381775940178422e-01 5.000000000000000104e-03 5.000000000000000104e-03
4.850705500581910246e-02 -1.205273215591899372e-01 1.193177533270034923e-01 -2.599323597095292815e+00 -3.872469924928009788e-02 2.481514767800582888e+00 9.767043863020148375e-01 5.000000000000000104e-03 5.000000000000000104e-03
4.854919840721425017e-02 -1.199496753021627865e-01 1.194214177521355502e-01 -2.599534830029178956e+00 -3.875834364480509886e-02 2.482306008844028078e+00 9.768705950100118329e-01 5.000000000000000104e-03 5.000000000000000104e-03
4.859134180860940483e-02 -1.193720290451356358e-01 1.195250821772676220e-01 -2.599746062963065096e+00 -3.879198804033010678e-02 2.483097249887473712e+00 9.770368037180088283e-01 5.000000000000000104e-03 5.000000000000000104e-03
4.863348521000455948e-02 -1.187943827881084852e-01 1.196287466023996937e-01 -2.599957295896951237e+00 -3.882563243585511470e-02 2.483888490930919346e+00 9.772030124260058237e-01 5.000000000000000104e-03 5.000000000000000104e-03
4.867562861139970720e-02 -1.182167365310813345e-01 1.197324110275317516e-01 -2.600168528830837378e+00 -3.885927683138011568e-02 2.484679731974364536e+00 9.773692211340029301e-01 5.000000000000000104e-03 5.000000000000000104e-03
4.871777201279485492e-02 -1.176390902740541838e-01 1.198360754526638094e-01 -2.600379761764723519e+00 -3.889292122690511666e-02 2.485470973017809726e+00 9.775354298420000365e-01 5.000000000000000104e-03 5.000000000000000104e-03
4.875991541419000957e-02 -1.170614440170270332e-01 1.199397398777958812e-01 -2.600590994698609659e+00 -3.892656562243012458e-02 2.486262214061255360e+00 9.777016385499970319e-01 5.000000000000000104e-03 5.000000000000000104e-03
4.880205881558516423e-02 -1.164837977599998825e-01 1.200434043029279529e-01 -2.600802227632495800e+00 -3.896021001795513250e-02 2.487053455104700994e+00 9.778678472579940273e-01 5.000000000000000104e-03 5.000000000000000104e-03
4.884420221698031195e-02 -1.159061515029727318e-01 1.201470687280600108e-01 -2.601013460566381941e+00 -3.899385441348013348e-02 2.487844696148146184e+00 9.780340559659911337e-01 5.000000000000000104e-03 5.000000000000000104e-03
4.888634561837545967e-02 -1.153285052459455812e-01 1.202507331531920687e-01 -2.601224693500268081e+00 -3.902749880900513446e-02 2.488635937191591374e+00 9.782002646739882401e-01 5.000000000000000104e-03 5.000000000000000104e-03
4.892848901977061432e-02 -1.147508589889184305e-01 1.203543975783241404e-01 -2.601435926434154222e+00 -3.906114320453014238e-02 2.489427178235037008e+00 9.783664733819852355e-01 5.000000000000000104e-03 5.000000000000000104e-03
4.897063242116576898e-02 -1.141732127318912798e-01 1.204580620034562122e-01 -2.601647159368040363e+00 -3.909478760005515030e-02 2.490218419278482642e+00 9.785326820899822309e-01 5.000000000000000104e-03 5.000000000000000104e-03
4.901277582256091669e-02 -1.135955664748641292e-01 1.205617264285882700e-01 -2.601858392301926504e+00 -3.912843199558015128e-02 2.491009660321927832e+00 9.786988907979793373e-01 5.000000000000000104e-03 5.000000000000000104e-03
4.905491922395606441e-02 -1.130179202178369785e-01 1.206653908537203279e-01 -2.602069625235812644e+00 -3.916207639110515226e-02 2.491800901365373022e+00 9.788650995059764437e-01 5.000000000000000104e-03 5.000000000000000104e-03
4.909706262535121907e-02 -1.124402739608098278e-01 1.207690552788523997e-01 -2.602280858169698785e+00 -3.919572078663016018e-02 2.492592142408818656e+00 9.790313082139734391e-01 5.000000000000000104e-03 5.000000000000000104e-03
4.913920602674637372e-02 -1.118626277037826772e-01 1.208727197039844714e-01 -2.602492091103584926e+00 -3.922936518215516810e-02 2.493383383452264290e+00 9.791975169219704345e-01 5.000000000000000104e-03 5.000000000000000104e-03
4.918134942814152144e-02 -1.112849814467555265e-01 1.209763841291165293e-01 -2.602703324037471067e+00 -3.926300957768016908e-02 2.494174624495709480e+00 9.793637256299675409e-01 5.000000000000000104e-03 5.000000000000000104e-03
4.922349282953666916e-02 -1.107073351897283620e-01 1.210800485542485871e-01 -2.602914556971357207e+00 -3.929665397320517006e-02 2.494965865539154670e+00 9.795299343379646473e-01 5.000000000000000104e-03 5.000000000000000104e-03
4.926563623093182381e-02 -1.101296889327012113e-01 1.211837129793806589e-01 -2.603125789905243348e+00 -3.933029836873017798e-02 2.495757106582600304e+00 9.796961430459616427e-01 5.000000000000000104e-03 5.000000000000000104e-03
4.930777963232697847e-02 -1.095520426756740606e-01 1.212873774045127306e-01 -2.603337022839129489e+00 -3.936394276425518590e-02 2.496548347626045938e+00 9.798623517539586381e-01 5.000000000000000104e-03 5.000000000000000104e-03
4.934992303372212619e-02 -1.089743964186468961e-01 1.213910418296447885e-01 -2.603548255773015629e+00 -3.939758715978018688e-02 2.497339588669491128e+00 9.800285604619557445e-01 5.000000000000000104e-03 5.000000000000000104e-03
4.939206643511727390e-02 -1.083967501616197315e-01 1.214947062547768464e-01 -2.603759488706901770e+00 -3.943123155530518786e-02 2.498130829712936318e+00 9.801947691699528509e-01 5.000000000000000104e-03 5.000000000000000104e-03
4.943420983651242856e-02 -1.078191039045925809e-01 1.215983706799089181e-01 -2.603970721640787467e+00 -3.946487595083019578e-02 2.498922070756381952e+00 9.803609778779498463e-01 5.000000000000000104e-03 5.000000000000000104e-03
4.947635323790758322e-02 -1.072414576475654302e-01 1.217020351050409760e-01 -2.604181954574673608e+00 -3.949852034635519676e-02 2.499713311799827586e+00 9.805271865859468416e-01 5.000000000000000104e-03 5.000000000000000104e-03
4.951849663930273093e-02 -1.066638113905382795e-01 1.218056995301730339e-01 -2.604393187508559748e+00 -3.953216474188020468e-02 2.500504552843273220e+00 9.806933952939438370e-01 5.000000000000000104e-03 5.000000000000000104e-03
4.956064004069788559e-02 -1.060861651335111289e-01 1.219093639553050917e-01 -2.604604420442445889e+00 -3.956580913740520566e-02 2.501295793886718855e+00 9.808596040019408324e-01 5.000000000000000104e-03 5.000000000000000104e-03
4.960278344209304024e-02 -1.055085188764839643e-01 1.220130283804371496e-01 -2.604815653376332030e+00 -3.959945353293020665e-02 2.502087034930164045e+00 9.810258127099378278e-01 5.000000000000000104e-03 5.000000000000000104e-03
4.964492684348818796e-02 -1.049308726194568137e-01 1.221166928055692075e-01 -2.605026886310218170e+00 -3.963309792845521456e-02 2.502878275973609679e+00 9.811920214179348232e-01 5.000000000000000104e-03 5.000000000000000104e-03
4.968707024488333568e-02 -1.043532263624296630e-01 1.222203572307012653e-01 -2.605238119244104311e+00 -3.966674232398022248e-02 2.503669517017055313e+00 9.813582301259318186e-01 5.000000000000000104e-03 5.000000000000000104e-03
4.972921364627849034e-02 -1.037755801054024984e-01 1.223240216558333232e-01 -2.605449352177990452e+00 -3.970038671950522347e-02 2.504460758060500503e+00 9.815244388339288140e-01 5.000000000000000104e-03 5.000000000000000104e-03
4.977135704767364499e-02 -1.031979338483753339e-01 1.224276860809653811e-01 -2.605660585111876593e+00 -3.973403111503022445e-02 2.505251999103945693e+00 9.816906475419258093e-01 5.000000000000000104e-03 5.000000000000000104e-03
4.981350044906879271e-02 -1.026202875913481832e-01 1.225313505060974389e-01 -2.605871818045762733e+00 -3.976767551055523237e-02 2.506043240147391327e+00 9.818568562499228047e-01 5.000000000000000104e-03 5.000000000000000104e-03
4.985564385046394043e-02 -1.020426413343210326e-01 1.226350149312294968e-01 -2.606083050979648874e+00 -3.980131990608024029e-02 2.506834481190836961e+00 9.820230649579198001e-01 5.000000000000000104e-03 5.000000000000000104e-03
4.989778725185909508e-02 -1.014649950772938680e-01 1.227386793563615547e-01 -2.606294283913535015e+00 -3.983496430160524127e-02 2.507625722234282151e+00 9.821892736659167955e-01 5.000000000000000104e-03 5.000000000000000104e-03
4.993993065325424974e-02 -1.008873488202667035e-01 1.228423437814936126e-01 -2.606505516847421156e+00 -3.986860869713024225e-02 2.508416963277727341e+00 9.823554823739137909e-01 5.000000000000000104e-03 5.000000000000000104e-03
4.998207405464939745e-02 -1.003097025632395528e-01 1.229460082066256704e-01 -2.606716749781307296e+00 -3.990225309265525017e-02 2.509208204321172975e+00 9.825216910819107863e-01 5.000000000000000104e-03 5.000000000000000104e-03
5.002421745604454517e-02 -9.973205630621240214e-02 1.230496726317577283e-01 -2.606927982715193437e+00 -3.993589748818025809e-02 2.509999445364618609e+00 9.826878997899077817e-01 5.000000000000000104e-03 5.000000000000000104e-03
5.006636085743969983e-02 -9.915441004918523760e-02 1.231533370568897862e-01 -2.607139215649079578e+00 -3.996954188370525907e-02 2.510790686408063799e+00 9.828541084979047771e-01 5.000000000000000104e-03 5.000000000000000104e-03
5.010850425883485448e-02 -9.857676379215807305e-02 1.232570014820218440e-01 -2.607350448582965718e+00 -4.000318627923026005e-02 2.511581927451508989e+00 9.830203172059017724e-01 5.000000000000000104e-03 5.000000000000000104e-03
5.015064766023000220e-02 -9.799911753513092239e-02 1.233606659071539019e-01 -2.607561681516851859e+00 -4.003683067475526797e-02 2.512373168494954623e+00 9.831865259138987678e-01 5.000000000000000104e-03 5.000000000000000104e-03
5.019279106162514992e-02 -9.742147127810377172e-02 1.234643303322859598e-01 -2.607772914450738000e+00 -4.007047507028027589e-02 2.513164409538400257e+00 9.833527346218957632e-01 5.000000000000000104e-03 5.000000000000000104e-03
5.023493446302030457e-02 -9.684382502107660717e-02 1.235679947574180176e-01 -2.607984147384624141e+00 -4.010411946580527687e-02 2.513955650581845447e+00 9.835189433298927586e-01 5.000000000000000104e-03 5.000000000000000104e-03
5.027707786441545923e-02 -9.626617876404944263e-02 1.236716591825500755e-01 -2.608195380318510281e+00 -4.013776386133027785e-02 2.514746891625290637e+00 9.836851520378897540e-01 5.000000000000000104e-03 5.000000000000000104e-03
5.031922126581060695e-02 -9.568853250702229196e-02 1.237753236076821334e-01 -2.608406613252396422e+00 -4.017140825685528577e-02 2.515538132668736271e+00 9.838513607458867494e-01 5.000000000000000104e-03 5.000000000000000104e-03
5.036136466720575466e-02 -9.511088624999514129e-02 1.238789880328141912e-01 -2.608617846186282563e+00 -4.020505265238029369e-02 2.516329373712181905e+00 9.840175694538837448e-01 5.000000000000000104e-03 5.000000000000000104e-03
5.040350806860090932e-02 -9.453323999296797675e-02 1.239826524579462630e-01 -2.608829079120168704e+00 -4.023869704790529467e-02 2.517120614755627095e+00 9.841837781618807401e-01 5.000000000000000104e-03 5.000000000000000104e-03
5.044565146999606398e-02 -9.395559373594081221e-02 1.240863168830783347e-01 -2.609040312054054844e+00 -4.027234144343029565e-02 2.517911855799072285e+00 9.843499868698777355e-01 5.000000000000000104e-03 5.000000000000000104e-03
5.048779487139121169e-02 -9.337794747891366154e-02 1.241899813082103926e-01 -2.609251544987940985e+00 -4.030598583895530357e-02 2.518703096842517919e+00 9.845161955778747309e-01 5.000000000000000104e-03 5.000000000000000104e-03
5.052993827278635941e-02 -9.280030122188651087e-02 1.242936457333424505e-01 -2.609462777921827126e+00 -4.033963023448031149e-02 2.519494337885963553e+00 9.846824042858717263e-01 5.000000000000000104e-03 5.000000000000000104e-03
5.057208167418151407e-02 -9.222265496485934633e-02 1.243973101584745222e-01 -2.609674010855713266e+00 -4.037327463000531247e-02 2.520285578929408743e+00 9.848486129938687217e-01 5.000000000000000104e-03 5.000000000000000104e-03
5.061422507557666872e-02 -9.164500870783218178e-02 1.245009745836065940e-01 -2.609885243789599407e+00 -4.040691902553031345e-02 2.521076819972853933e+00 9.850148217018657171e-01 5.000000000000000104e-03 5.000000000000000104e-03
5.065636847697181644e-02 -9.106736245080503112e-02 1.246046390087386518e-01 -2.610096476723485548e+00 -4.044056342105532137e-02 2.521868061016299567e+00 9.851810304098627125e-01 5.000000000000000104e-03 5.000000000000000104e-03
5.069851187836696416e-02 -9.048971619377788045e-02 1.247083034338707097e-01 -2.610307709657371689e+00 -4.047420781658032929e-02 2.522659302059745201e+00 9.853472391178597078e-01 5.000000000000000104e-03 5.000000000000000104e-03
5.074065527976211881e-02 -8.991206993675071590e-02 1.248119678590027815e-01 -2.610518942591257829e+00 -4.050785221210533027e-02 2.523450543103190391e+00 9.855134478258567032e-01 5.000000000000000104e-03 5.000000000000000104e-03
5.078279868115727347e-02 -8.933442367972355136e-02 1.249156322841348532e-01 -2.610730175525143970e+00 -4.054149660763033125e-02 2.524241784146635581e+00 9.856796565338536986e-01 5.000000000000000104e-03 5.000000000000000104e-03
5.082494208255242119e-02 -8.875677742269640069e-02 1.250192967092669249e-01 -2.610941408459030111e+00 -4.057514100315533917e-02 2.525033025190081215e+00 9.858458652418508050e-01 5.000000000000000104e-03 5.000000000000000104e-03
5.086708548394756890e-02 -8.817913116566925003e-02 1.251229611343989967e-01 -2.611152641392916252e+00 -4.060878539868034709e-02 2.525824266233526849e+00 9.860120739498479114e-01 5.000000000000000104e-03 5.000000000000000104e-03
5.090922888534272356e-02 -8.760148490864208548e-02 1.252266255595310684e-01 -2.611363874326802392e+00 -4.064242979420534807e-02 2.526615507276972039e+00 9.861782826578449068e-01 5.000000000000000104e-03 5.000000000000000104e-03
5.095137228673787821e-02 -8.702383865161492094e-02 1.253302899846631402e-01 -2.611575107260688533e+00 -4.067607418973034905e-02 2.527406748320417229e+00 9.863444913658419022e-01 5.000000000000000104e-03 5.000000000000000104e-03
5.099351568813302593e-02 -8.644619239458777027e-02 1.254339544097952119e-01 -2.611786340194574674e+00 -4.070971858525535697e-02 2.528197989363862863e+00 9.865107000738390086e-01 5.000000000000000104e-03 5.000000000000000104e-03
5.103565908952817365e-02 -8.586854613756061960e-02 1.255376188349272837e-01 -2.611997573128460814e+00 -4.074336298078036489e-02 2.528989230407308497e+00 9.866769087818361150e-01 5.000000000000000104e-03 5.000000000000000104e-03
5.107780249092332830e-02 -8.529089988053345506e-02 1.256412832600593554e-01 -2.612208806062346955e+00 -4.077700737630536587e-02 2.529780471450753687e+00 9.868431174898331104e-01 5.000000000000000104e-03 5.000000000000000104e-03
5.111994589231848296e-02 -8.471325362350629051e-02 1.257449476851914272e-01 -2.612420038996233096e+00 -4.081065177183036685e-02 2.530571712494198877e+00 9.870093261978301058e-01 5.000000000000000104e-03 5.000000000000000104e-03
5.116208929371363068e-02 -8.413560736647913985e-02 1.258486121103234989e-01 -2.612631271930119237e+00 -4.084429616735537477e-02 2.531362953537644511e+00 9.871755349058272122e-01 5.000000000000000104e-03 5.000000000000000104e-03
5.120423269510877839e-02 -8.355796110945198918e-02 1.259522765354555429e-01 -2.612842504864005377e+00 -4.087794056288038269e-02 2.532154194581090145e+00 9.873417436138243186e-01 5.000000000000000104e-03 5.000000000000000104e-03
5.124637609650393305e-02 -8.298031485242482463e-02 1.260559409605876147e-01 -2.613053737797891518e+00 -4.091158495840538367e-02 2.532945435624535335e+00 9.875079523218213140e-01 5.000000000000000104e-03 5.000000000000000104e-03
5.128851949789908771e-02 -8.240266859539766009e-02 1.261596053857196864e-01 -2.613264970731777659e+00 -4.094522935393038465e-02 2.533736676667980525e+00 9.876741610298183094e-01 5.000000000000000104e-03 5.000000000000000104e-03
5.133066289929423542e-02 -8.182502233837050942e-02 1.262632698108517304e-01 -2.613476203665663800e+00 -4.097887374945539257e-02 2.534527917711426159e+00 9.878403697378154158e-01 5.000000000000000104e-03 5.000000000000000104e-03
5.137280630068938314e-02 -8.124737608134335876e-02 1.263669342359837744e-01 -2.613687436599549940e+00 -4.101251814498040049e-02 2.535319158754871793e+00 9.880065784458125222e-01 5.000000000000000104e-03 5.000000000000000104e-03
5.141494970208453780e-02 -8.066972982431619421e-02 1.264705986611158461e-01 -2.613898669533436081e+00 -4.104616254050540147e-02 2.536110399798316983e+00 9.881727871538095176e-01 5.000000000000000104e-03 5.000000000000000104e-03
5.145709310347969245e-02 -8.009208356728902967e-02 1.265742630862479179e-01 -2.614109902467322222e+00 -4.107980693603040245e-02 2.536901640841762173e+00 9.883389958618065130e-01 5.000000000000000104e-03 5.000000000000000104e-03
5.149923650487484017e-02 -7.951443731026187900e-02 1.266779275113799619e-01 -2.614321135401208362e+00 -4.111345133155541037e-02 2.537692881885207807e+00 9.885052045698036194e-01 5.000000000000000104e-03 5.000000000000000104e-03
5.154137990626998789e-02 -7.893679105323472833e-02 1.267815919365120059e-01 -2.614532368335094503e+00 -4.114709572708041829e-02 2.538484122928653441e+00 9.886714132778007258e-01 5.000000000000000104e-03 5.000000000000000104e-03
5.158352330766514254e-02 -7.835914479620756379e-02 1.268852563616440776e-01 -2.614743601268980200e+00 -4.118074012260541927e-02 2.539275363972098631e+00 9.888376219857977212e-01 5.000000000000000104e-03 5.000000000000000104e-03
5.162566670906029720e-02 -7.778149853918041312e-02 1.269889207867761494e-01 -2.614954834202866341e+00 -4.121438451813042025e-02 2.540066605015544265e+00 9.890038306937947166e-01 5.000000000000000104e-03 5.000000000000000104e-03
5.166781011045544492e-02 -7.720385228215326245e-02 1.270925852119082211e-01 -2.615166067136752481e+00 -4.124802891365542123e-02 2.540857846058989900e+00 9.891700394017917120e-01 5.000000000000000104e-03 5.000000000000000104e-03
5.170995351185059957e-02 -7.662620602512611179e-02 1.271962496370402929e-01 -2.615377300070638622e+00 -4.128167330918042915e-02 2.541649087102435534e+00 9.893362481097887073e-01 5.000000000000000104e-03 5.000000000000000104e-03
5.175209691324575423e-02 -7.604855976809896112e-02 1.272999140621723646e-01 -2.615588533004524763e+00 -4.131531770470543707e-02 2.542440328145881168e+00 9.895024568177857027e-01 5.000000000000000104e-03 5.000000000000000104e-03
5.179424031464090195e-02 -7.547091351107179658e-02 1.274035784873044364e-01 -2.615799765938410903e+00 -4.134896210023043805e-02 2.543231569189326802e+00 9.896686655257826981e-01 5.000000000000000104e-03 5.000000000000000104e-03
5.183638371603604966e-02 -7.489326725404463203e-02 1.275072429124365081e-01 -2.616010998872297044e+00 -4.138260649575543904e-02 2.544022810232772436e+00 9.898348742337796935e-01 5.000000000000000104e-03 5.000000000000000104e-03
5.187852711743120432e-02 -7.431562099701748136e-02 1.276109073375685798e-01 -2.616222231806183185e+00 -4.141625089128044696e-02 2.544814051276217626e+00 9.900010829417766889e-01 5.000000000000000104e-03 5.000000000000000104e-03
5.192067051882635897e-02 -7.373797473999033070e-02 1.277145717627006516e-01 -2.616433464740069326e+00 -4.144989528680545487e-02 2.545605292319662816e+00 9.901672916497736843e-01 5.000000000000000104e-03 5.000000000000000104e-03
5.196281392022150669e-02 -7.316032848296316615e-02 1.278182361878327233e-01 -2.616644697673955466e+00 -4.148353968233045586e-02 2.546396533363108450e+00 9.903335003577706797e-01 5.000000000000000104e-03 5.000000000000000104e-03
5.200495732161665441e-02 -7.258268222593600161e-02 1.279219006129647951e-01 -2.616855930607841607e+00 -4.151718407785545684e-02 2.547187774406554084e+00 9.904997090657676750e-01 5.000000000000000104e-03 5.000000000000000104e-03
5.204710072301180906e-02 -7.200503596890885094e-02 1.280255650380968668e-01 -2.617067163541727748e+00 -4.155082847338046476e-02 2.547979015449999274e+00 9.906659177737646704e-01 5.000000000000000104e-03 5.000000000000000104e-03
5.208924412440696372e-02 -7.142738971188170027e-02 1.281292294632289386e-01 -2.617278396475613889e+00 -4.158447286890547268e-02 2.548770256493444464e+00 9.908321264817616658e-01 5.000000000000000104e-03 5.000000000000000104e-03
5.213138752580211144e-02 -7.084974345485453573e-02 1.282328938883610103e-01 -2.617489629409500029e+00 -4.161811726443047366e-02 2.549561497536890098e+00 9.909983351897586612e-01 5.000000000000000104e-03 5.000000000000000104e-03
5.217353092719725915e-02 -7.027209719782737118e-02 1.283365583134930821e-01 -2.617700862343386170e+00 -4.165176165995547464e-02 2.550352738580335732e+00 9.911645438977556566e-01 5.000000000000000104e-03 5.000000000000000104e-03
5.221567432859241381e-02 -6.969445094080022052e-02 1.284402227386251538e-01 -2.617912095277272311e+00 -4.168540605548048256e-02 2.551143979623780922e+00 9.913307526057526520e-01 5.000000000000000104e-03 5.000000000000000104e-03
5.225781772998756847e-02 -6.911680468377306985e-02 1.285438871637571978e-01 -2.618123328211158451e+00 -4.171905045100549048e-02 2.551935220667226112e+00 9.914969613137496474e-01 5.000000000000000104e-03 5.000000000000000104e-03
5.229996113138271618e-02 -6.853915842674590531e-02 1.286475515888892696e-01 -2.618334561145044592e+00 -4.175269484653049146e-02 2.552726461710671746e+00 9.916631700217466427e-01 5.000000000000000104e-03 5.000000000000000104e-03
5.234210453277786390e-02 -6.796151216971874076e-02 1.287512160140213413e-01 -2.618545794078930733e+00 -4.178633924205549244e-02 2.553517702754117380e+00 9.918293787297436381e-01 5.000000000000000104e-03 5.000000000000000104e-03
5.238424793417301856e-02 -6.738386591269159009e-02 1.288548804391533853e-01 -2.618757027012816874e+00 -4.181998363758050036e-02 2.554308943797562570e+00 9.919955874377406335e-01 5.000000000000000104e-03 5.000000000000000104e-03
5.242639133556817321e-02 -6.680621965566443943e-02 1.289585448642854293e-01 -2.618968259946703014e+00 -4.185362803310550828e-02 2.555100184841007760e+00 9.921617961457376289e-01 5.000000000000000104e-03 5.000000000000000104e-03
5.246853473696332093e-02 -6.622857339863727488e-02 1.290622092894175010e-01 -2.619179492880589155e+00 -4.188727242863050926e-02 2.555891425884453394e+00 9.923280048537346243e-01 5.000000000000000104e-03 5.000000000000000104e-03
5.251067813835846865e-02 -6.565092714161011034e-02 1.291658737145495728e-01 -2.619390725814475296e+00 -4.192091682415551024e-02 2.556682666927899028e+00 9.924942135617316197e-01 5.000000000000000104e-03 5.000000000000000104e-03
5.255282153975362330e-02 -6.507328088458295967e-02 1.292695381396816168e-01 -2.619601958748361437e+00 -4.195456121968051816e-02 2.557473907971344218e+00 9.926604222697286151e-01 5.000000000000000104e-03 5.000000000000000104e-03
5.259496494114877796e-02 -6.449563462755580900e-02 1.293732025648136608e-01 -2.619813191682247577e+00 -4.198820561520552608e-02 2.558265149014789408e+00 9.928266309777256104e-01 5.000000000000000104e-03 5.000000000000000104e-03
5.263710834254392568e-02 -6.391798837052864446e-02 1.294768669899457325e-01 -2.620024424616133718e+00 -4.202185001073052706e-02 2.559056390058235042e+00 9.929928396857226058e-01 5.000000000000000104e-03 5.000000000000000104e-03
5.267925174393907339e-02 -6.334034211350147991e-02 1.295805314150778043e-01 -2.620235657550019859e+00 -4.205549440625552804e-02 2.559847631101680676e+00 9.931590483937196012e-01 5.000000000000000104e-03 5.000000000000000104e-03
5.272139514533422805e-02 -6.276269585647432925e-02 1.296841958402098482e-01 -2.620446890483906000e+00 -4.208913880178053596e-02 2.560638872145125866e+00 9.933252571017165966e-01 5.000000000000000104e-03 5.000000000000000104e-03
5.276353854672938271e-02 -6.218504959944717164e-02 1.297878602653418922e-01 -2.620658123417792140e+00 -4.212278319730554388e-02 2.561430113188571056e+00 9.934914658097135920e-01 5.000000000000000104e-03 5.000000000000000104e-03
5.280568194812453042e-02 -6.160740334242001404e-02 1.298915246904739640e-01 -2.620869356351678281e+00 -4.215642759283054486e-02 2.562221354232016690e+00 9.936576745177105874e-01 5.000000000000000104e-03 5.000000000000000104e-03
5.284782534951967814e-02 -6.102975708539285643e-02 1.299951891156060357e-01 -2.621080589285564422e+00 -4.219007198835554584e-02 2.563012595275462324e+00 9.938238832257075828e-01 5.000000000000000104e-03 5.000000000000000104e-03
5.288996875091483280e-02 -6.045211082836569882e-02 1.300988535407380797e-01 -2.621291822219450562e+00 -4.222371638388055376e-02 2.563803836318907514e+00 9.939900919337046892e-01 5.000000000000000104e-03 5.000000000000000104e-03
5.293211215230998745e-02 -5.987446457133854122e-02 1.302025179658701237e-01 -2.621503055153336703e+00 -4.225736077940556168e-02 2.564595077362352704e+00 9.941563006417017956e-01 5.000000000000000104e-03 5.000000000000000104e-03
5.297425555370513517e-02 -5.929681831431138361e-02 1.303061823910021955e-01 -2.621714288087222844e+00 -4.229100517493056266e-02 2.565386318405798338e+00 9.943225093496987910e-01 5.000000000000000104e-03 5.000000000000000104e-03
5.301639895510028289e-02 -5.871917205728422601e-02 1.304098468161342672e-01 -2.621925521021108985e+00 -4.232464957045556364e-02 2.566177559449243972e+00 9.944887180576957864e-01 5.000000000000000104e-03 5.000000000000000104e-03
5.305854235649543754e-02 -5.814152580025706840e-02 1.305135112412663112e-01 -2.622136753954995125e+00 -4.235829396598057156e-02 2.566968800492689162e+00 9.946549267656928928e-01 5.000000000000000104e-03 5.000000000000000104e-03
5.310068575789059220e-02 -5.756387954322991080e-02 1.306171756663983552e-01 -2.622347986888881266e+00 -4.239193836150557948e-02 2.567760041536134352e+00 9.948211354736899992e-01 5.000000000000000104e-03 5.000000000000000104e-03
5.314282915928573992e-02 -5.698623328620275319e-02 1.307208400915304269e-01 -2.622559219822767407e+00 -4.242558275703058046e-02 2.568551282579579986e+00 9.949873441816869946e-01 5.000000000000000104e-03 5.000000000000000104e-03
5.318497256068088763e-02 -5.640858702917559558e-02 1.308245045166624987e-01 -2.622770452756653548e+00 -4.245922715255558144e-02 2.569342523623025620e+00 9.951535528896839899e-01 5.000000000000000104e-03 5.000000000000000104e-03
5.322711596207604229e-02 -5.583094077214843798e-02 1.309281689417945427e-01 -2.622981685690539688e+00 -4.249287154808058936e-02 2.570133764666470810e+00 9.953197615976810964e-01 5.000000000000000104e-03 5.000000000000000104e-03
5.326925936347119694e-02 -5.525329451512128037e-02 1.310318333669265867e-01 -2.623192918624425829e+00 -4.252651594360559728e-02 2.570925005709916000e+00 9.954859703056782028e-01 5.000000000000000104e-03 5.000000000000000104e-03
5.331140276486634466e-02 -5.467564825809412277e-02 1.311354977920586584e-01 -2.623404151558311970e+00 -4.256016033913059826e-02 2.571716246753361634e+00 9.956521790136751981e-01 5.000000000000000104e-03 5.000000000000000104e-03
5.335354616626149238e-02 -5.409800200106696516e-02 1.312391622171907302e-01 -2.623615384492198110e+00 -4.259380473465559924e-02 2.572507487796807268e+00 9.958183877216721935e-01 5.000000000000000104e-03 5.000000000000000104e-03
5.339568956765664703e-02 -5.352035574403980756e-02 1.313428266423227742e-01 -2.623826617426084251e+00 -4.262744913018060716e-02 2.573298728840252458e+00 9.959845964296692999e-01 5.000000000000000104e-03 5.000000000000000104e-03
5.343783296905180169e-02 -5.294270948701264995e-02 1.314464910674548181e-01 -2.624037850359970392e+00 -4.266109352570561508e-02 2.574089969883697648e+00 9.961508051376664064e-01 5.000000000000000104e-03 5.000000000000000104e-03
5.347997637044694941e-02 -5.236506322998549234e-02 1.315501554925868899e-01 -2.624249083293856533e+00 -4.269473792123061606e-02 2.574881210927143282e+00 9.963170138456634017e-01 5.000000000000000104e-03 5.000000000000000104e-03
5.352211977184209712e-02 -5.178741697295833474e-02 1.316538199177189616e-01 -2.624460316227742673e+00 -4.272838231675561704e-02 2.575672451970588916e+00 9.964832225536603971e-01 5.000000000000000104e-03 5.000000000000000104e-03
5.356426317323725178e-02 -5.120977071593117713e-02 1.317574843428510056e-01 -2.624671549161628814e+00 -4.276202671228062496e-02 2.576463693014034106e+00 9.966494312616575035e-01 5.000000000000000104e-03 5.000000000000000104e-03
5.360640657463240644e-02 -5.063212445890401953e-02 1.318611487679830496e-01 -2.624882782095514955e+00 -4.279567110780563288e-02 2.577254934057479296e+00 9.968156399696546099e-01 5.000000000000000104e-03 5.000000000000000104e-03
5.364854997602755415e-02 -5.005447820187686192e-02 1.319648131931151214e-01 -2.625094015029401096e+00 -4.282931550333063386e-02 2.578046175100924930e+00 9.969818486776516053e-01 5.000000000000000104e-03 5.000000000000000104e-03
5.369069337742270187e-02 -4.947683194484970431e-02 1.320684776182471931e-01 -2.625305247963287236e+00 -4.286295989885563484e-02 2.578837416144370565e+00 9.971480573856486007e-01 5.000000000000000104e-03 5.000000000000000104e-03
5.373283677881785653e-02 -4.889918568782254671e-02 1.321721420433792371e-01 -2.625516480897173377e+00 -4.289660429438064276e-02 2.579628657187815755e+00 9.973142660936457071e-01 5.000000000000000104e-03 5.000000000000000104e-03
5.377498018021301118e-02 -4.832153943079538910e-02 1.322758064685113089e-01 -2.625727713831059518e+00 -4.293024868990564374e-02 2.580419898231261389e+00 9.974804748016427025e-01 5.000000000000000104e-03 5.000000000000000104e-03
5.381712358160816584e-02 -4.774389317376823150e-02 1.323794708936433806e-01 -2.625938946764945658e+00 -4.296389308543065166e-02 2.581211139274707023e+00 9.976466835096396979e-01 5.000000000000000104e-03 5.000000000000000104e-03
5.385926698300332049e-02 -4.716624691674107389e-02 1.324831353187754523e-01 -2.626150179698831799e+00 -4.299753748095565264e-02 2.582002380318152657e+00 9.978128922176366933e-01 5.000000000000000104e-03 5.000000000000000104e-03
5.390141038439846821e-02 -4.658860065971391629e-02 1.325867997439075241e-01 -2.626361412632717940e+00 -4.303118187648065363e-02 2.582793621361598291e+00 9.979791009256336887e-01 5.000000000000000104e-03 5.000000000000000104e-03
5.394355378579362287e-02 -4.601095440268675868e-02 1.326904641690395958e-01 -2.626572645566604081e+00 -4.306482627200566154e-02 2.583584862405043925e+00 9.981453096336306841e-01 5.000000000000000104e-03 5.000000000000000104e-03
5.398569718718877752e-02 -4.543330814565960107e-02 1.327941285941716676e-01 -2.626783878500490221e+00 -4.309847066753066946e-02 2.584376103448489559e+00 9.983115183416276794e-01 5.000000000000000104e-03 5.000000000000000104e-03
5.402784058858392524e-02 -4.485566188863244347e-02 1.328977930193037393e-01 -2.626995111434376362e+00 -4.313211506305567045e-02 2.585167344491934749e+00 9.984777270496246748e-01 5.000000000000000104e-03 5.000000000000000104e-03
5.406998398997907296e-02 -4.427801563160528586e-02 1.330014574444358111e-01 -2.627206344368262503e+00 -4.316575945858067143e-02 2.585958585535379939e+00 9.986439357576216702e-01 5.000000000000000104e-03 5.000000000000000104e-03
5.411212739137422761e-02 -4.370036937457812826e-02 1.331051218695678828e-01 -2.627417577302148644e+00 -4.319940385410567935e-02 2.586749826578825573e+00 9.988101444656186656e-01 5.000000000000000104e-03 5.000000000000000104e-03
5.415427079276938227e-02 -4.312272311755097065e-02 1.332087862946999546e-01 -2.627628810236034784e+00 -4.323304824963068727e-02 2.587541067622271207e+00 9.989763531736156610e-01 5.000000000000000104e-03 5.000000000000000104e-03
5.419641419416452999e-02 -4.254507686052381304e-02 1.333124507198320263e-01 -2.627840043169920925e+00 -4.326669264515568825e-02 2.588332308665716397e+00 9.991425618816126564e-01 5.000000000000000104e-03 5.000000000000000104e-03
5.423855759555967770e-02 -4.196743060349665544e-02 1.334161151449640981e-01 -2.628051276103807066e+00 -4.330033704068068923e-02 2.589123549709161587e+00 9.993087705896096518e-01 5.000000000000000104e-03 5.000000000000000104e-03
5.428070099695483236e-02 -4.138978434646949783e-02 1.335197795700961698e-01 -2.628262509037693206e+00 -4.333398143620569715e-02 2.589914790752607221e+00 9.994749792976066471e-01 5.000000000000000104e-03 5.000000000000000104e-03
5.432284439834998702e-02 -4.081213808944234023e-02 1.336234439952282416e-01 -2.628473741971579347e+00 -4.336762583173070507e-02 2.590706031796052855e+00 9.996411880056036425e-01 5.000000000000000104e-03 5.000000000000000104e-03
5.436498779974513473e-02 -4.023449183241518262e-02 1.337271084203603133e-01 -2.628684974905465488e+00 -4.340127022725570605e-02 2.591497272839498045e+00 9.998073967136006379e-01 5.000000000000000104e-03 5.000000000000000104e-03
5.440713120114028245e-02 -3.965684557538802502e-02 1.338307728454923851e-01 -2.628896207839351629e+00 -4.343491462278070703e-02 2.592288513882943235e+00 9.999736054215976333e-01 5.000000000000000104e-03 5.000000000000000104e-03
5.444927460253543711e-02 -3.907919931836086741e-02 1.339344372706244291e-01 -2.629107440773237769e+00 -4.346855901830571495e-02 2.593079754926388869e+00 1.000139814129594740e+00 5.000000000000000104e-03 5.000000000000000104e-03
5.449141800393059176e-02 -3.850155306133370980e-02 1.340381016957564730e-01 -2.629318673707123910e+00 -4.350220341383072287e-02 2.593870995969834503e+00 1.000306022837591735e+00 5.000000000000000104e-03 5.000000000000000104e-03
5.453356140532573948e-02 -3.792390680430655220e-02 1.341417661208885448e-01 -2.629529906641010051e+00 -4.353584780935572385e-02 2.594662237013279693e+00 1.000472231545588730e+00 5.000000000000000104e-03 5.000000000000000104e-03
5.457570480672088720e-02 -3.734626054727939459e-02 1.342454305460206165e-01 -2.629741139574896192e+00 -4.356949220488072483e-02 2.595453478056724883e+00 1.000638440253585726e+00 5.000000000000000104e-03 5.000000000000000104e-03
5.461784820811604185e-02 -3.676861429025223699e-02 1.343490949711526605e-01 -2.629952372508782332e+00 -4.360313660040573275e-02 2.596244719100170517e+00 1.000804648961582721e+00 5.000000000000000104e-03 5.000000000000000104e-03
5.465999160951119651e-02 -3.619096803322507938e-02 1.344527593962847045e-01 -2.630163605442668473e+00 -4.363678099593074067e-02 2.597035960143616151e+00 1.000970857669579717e+00 5.000000000000000104e-03 5.000000000000000104e-03
5.470213501090634423e-02 -3.561332177619792178e-02 1.345564238214167763e-01 -2.630374838376554614e+00 -4.367042539145574165e-02 2.597827201187061341e+00 1.001137066377576712e+00 5.000000000000000104e-03 5.000000000000000104e-03
5.474427841230149194e-02 -3.503567551917076417e-02 1.346600882465488480e-01 -2.630586071310440754e+00 -4.370406978698074263e-02 2.598618442230506531e+00 1.001303275085573707e+00 5.000000000000000104e-03 5.000000000000000104e-03
5.478642181369664660e-02 -3.445802926214360656e-02 1.347637526716808920e-01 -2.630797304244326895e+00 -4.373771418250575055e-02 2.599409683273952165e+00 1.001469483793570703e+00 5.000000000000000104e-03 5.000000000000000104e-03
5.482856521509180125e-02 -3.388038300511644896e-02 1.348674170968129360e-01 -2.631008537178213036e+00 -4.377135857803075847e-02 2.600200924317397799e+00 1.001635692501567698e+00 5.000000000000000104e-03 5.000000000000000104e-03
5.487070861648694897e-02 -3.330273674808929135e-02 1.349710815219450077e-01 -2.631219770112099177e+00 -4.380500297355575945e-02 2.600992165360842989e+00 1.001801901209564694e+00 5.000000000000000104e-03 5.000000000000000104e-03
5.491285201788209669e-02 -3.272509049106213375e-02 1.350747459470770795e-01 -2.631431003045985317e+00 -4.383864736908076043e-02 2.601783406404288179e+00 1.001968109917561689e+00 5.000000000000000104e-03 5.000000000000000104e-03
5.495499541927725135e-02 -3.214744423403497614e-02 1.351784103722091235e-01 -2.631642235979871458e+00 -4.387229176460576835e-02 2.602574647447733813e+00 1.002134318625558684e+00 5.000000000000000104e-03 5.000000000000000104e-03
5.499713882067240600e-02 -3.156979797700781853e-02 1.352820747973411675e-01 -2.631853468913757599e+00 -4.390593616013077627e-02 2.603365888491179447e+00 1.002300527333555680e+00 5.000000000000000104e-03 5.000000000000000104e-03
5.503928222206755372e-02 -3.099215171998066093e-02 1.353857392224732392e-01 -2.632064701847643740e+00 -4.393958055565577725e-02 2.604157129534624637e+00 1.002466736041552675e+00 5.000000000000000104e-03 5.000000000000000104e-03
5.508142562346270144e-02 -3.041450546295350332e-02 1.354894036476053110e-01 -2.632275934781529880e+00 -4.397322495118077823e-02 2.604948370578069827e+00 1.002632944749549671e+00 5.000000000000000104e-03 5.000000000000000104e-03
5.512356902485785609e-02 -2.983685920592634572e-02 1.355930680727373550e-01 -2.632487167715416021e+00 -4.400686934670578615e-02 2.605739611621515461e+00 1.002799153457546666e+00 5.000000000000000104e-03 5.000000000000000104e-03
5.516571242625301075e-02 -2.925921294889918811e-02 1.356967324978693989e-01 -2.632698400649302162e+00 -4.404051374223079407e-02 2.606530852664961095e+00 1.002965362165543661e+00 5.000000000000000104e-03 5.000000000000000104e-03
5.520785582764815846e-02 -2.868156669187203051e-02 1.358003969230014707e-01 -2.632909633583188302e+00 -4.407415813775579505e-02 2.607322093708406285e+00 1.003131570873540657e+00 5.000000000000000104e-03 5.000000000000000104e-03
5.524999922904330618e-02 -2.810392043484487290e-02 1.359040613481335424e-01 -2.633120866517074443e+00 -4.410780253328079603e-02 2.608113334751851475e+00 1.003297779581537652e+00 5.000000000000000104e-03 5.000000000000000104e-03
5.529214263043846084e-02 -2.752627417781771529e-02 1.360077257732655864e-01 -2.633332099450960584e+00 -4.414144692880580395e-02 2.608904575795297109e+00 1.003463988289534647e+00 5.000000000000000104e-03 5.000000000000000104e-03
5.533428603183361549e-02 -2.694862792079055769e-02 1.361113901983976304e-01 -2.633543332384846725e+00 -4.417509132433081187e-02 2.609695816838742743e+00 1.003630196997531643e+00 5.000000000000000104e-03 5.000000000000000104e-03
5.537642943322876321e-02 -2.637098166376340008e-02 1.362150546235297022e-01 -2.633754565318732865e+00 -4.420873571985581285e-02 2.610487057882187933e+00 1.003796405705528638e+00 5.000000000000000104e-03 5.000000000000000104e-03
5.541857283462391093e-02 -2.579333540673624248e-02 1.363187190486617739e-01 -2.633965798252619006e+00 -4.424238011538081383e-02 2.611278298925633123e+00 1.003962614413525634e+00 5.000000000000000104e-03 5.000000000000000104e-03
5.546071623601906558e-02 -2.521568914970908487e-02 1.364223834737938179e-01 -2.634177031186505147e+00 -4.427602451090582175e-02 2.612069539969078757e+00 1.004128823121522629e+00 5.000000000000000104e-03 5.000000000000000104e-03
5.550285963741422024e-02 -2.463804289268192727e-02 1.365260478989258619e-01 -2.634388264120391288e+00 -4.430966890643082967e-02 2.612860781012524392e+00 1.004295031829519846e+00 5.000000000000000104e-03 5.000000000000000104e-03
5.554500303880936796e-02 -2.406039663565477313e-02 1.366297123240579336e-01 -2.634599497054277428e+00 -4.434331330195583065e-02 2.613652022055969582e+00 1.004461240537516842e+00 5.000000000000000104e-03 5.000000000000000104e-03
5.558714644020451567e-02 -2.348275037862761899e-02 1.367333767491900054e-01 -2.634810729988163569e+00 -4.437695769748083163e-02 2.614443263099414771e+00 1.004627449245513837e+00 5.000000000000000104e-03 5.000000000000000104e-03
5.562928984159967033e-02 -2.290510412160046139e-02 1.368370411743220494e-01 -2.635021962922049710e+00 -4.441060209300583955e-02 2.615234504142860406e+00 1.004793657953511055e+00 5.000000000000000104e-03 5.000000000000000104e-03
5.567143324299482499e-02 -2.232745786457330378e-02 1.369407055994540934e-01 -2.635233195855935850e+00 -4.444424648853084747e-02 2.616025745186306040e+00 1.004959866661508272e+00 5.000000000000000104e-03 5.000000000000000104e-03
5.571357664438997270e-02 -2.174981160754614964e-02 1.370443700245861651e-01 -2.635444428789821991e+00 -4.447789088405584845e-02 2.616816986229751230e+00 1.005126075369505267e+00 5.000000000000000104e-03 5.000000000000000104e-03
5.575572004578512042e-02 -2.117216535051899551e-02 1.371480344497182369e-01 -2.635655661723708132e+00 -4.451153527958084943e-02 2.617608227273196420e+00 1.005292284077502263e+00 5.000000000000000104e-03 5.000000000000000104e-03
5.579786344718027508e-02 -2.059451909349183790e-02 1.372516988748502809e-01 -2.635866894657594273e+00 -4.454517967510585735e-02 2.618399468316642054e+00 1.005458492785499480e+00 5.000000000000000104e-03 5.000000000000000104e-03
5.584000684857542973e-02 -2.001687283646468030e-02 1.373553632999823249e-01 -2.636078127591480413e+00 -4.457882407063086527e-02 2.619190709360087688e+00 1.005624701493496698e+00 5.000000000000000104e-03 5.000000000000000104e-03
5.588215024997057745e-02 -1.943922657943752616e-02 1.374590277251143966e-01 -2.636289360525366554e+00 -4.461246846615586625e-02 2.619981950403532878e+00 1.005790910201493693e+00 5.000000000000000104e-03 5.000000000000000104e-03
5.592429365136573211e-02 -1.886158032241036855e-02 1.375626921502464683e-01 -2.636500593459252695e+00 -4.464611286168087417e-02 2.620773191446978512e+00 1.005957118909490688e+00 5.000000000000000104e-03 5.000000000000000104e-03
5.596643705276088676e-02 -1.828393406538321095e-02 1.376663565753785401e-01 -2.636711826393138836e+00 -4.467975725720588209e-02 2.621564432490424146e+00 1.006123327617487684e+00 5.000000000000000104e-03 5.000000000000000104e-03
5.600858045415603448e-02 -1.770628780835605334e-02 1.377700210005106118e-01 -2.636923059327024976e+00 -4.471340165273088307e-02 2.622355673533869780e+00 1.006289536325484679e+00 5.000000000000000104e-03 5.000000000000000104e-03
5.605072385555118220e-02 -1.712864155132889574e-02 1.378736854256426836e-01 -2.637134292260911117e+00 -4.474704604825588405e-02 2.623146914577315414e+00 1.006455745033481675e+00 5.000000000000000104e-03 5.000000000000000104e-03
5.609286725694633685e-02 -1.655099529430173813e-02 1.379773498507747553e-01 -2.637345525194797258e+00 -4.478069044378089197e-02 2.623938155620760604e+00 1.006621953741478670e+00 5.000000000000000104e-03 5.000000000000000104e-03
5.613501065834149151e-02 -1.597334903727458053e-02 1.380810142759068271e-01 -2.637556758128683398e+00 -4.481433483930589989e-02 2.624729396664205794e+00 1.006788162449475665e+00 5.000000000000000104e-03 5.000000000000000104e-03
5.617715405973663922e-02 -1.539570278024742292e-02 1.381846787010388988e-01 -2.637767991062569539e+00 -4.484797923483090087e-02 2.625520637707651428e+00 1.006954371157472661e+00 5.000000000000000104e-03 5.000000000000000104e-03
5.621929746113178694e-02 -1.481805652322026531e-02 1.382883431261709706e-01 -2.637979223996455680e+00 -4.488162363035590186e-02 2.626311878751097062e+00 1.007120579865469656e+00 5.000000000000000104e-03 5.000000000000000104e-03
5.626144086252694160e-02 -1.424041026619310771e-02 1.383920075513030423e-01 -2.638190456930341821e+00 -4.491526802588090977e-02 2.627103119794542252e+00 1.007286788573466652e+00 5.000000000000000104e-03 5.000000000000000104e-03
5.630358426392209625e-02 -1.366276400916595010e-02 1.384956719764351141e-01 -2.638401689864227961e+00 -4.494891242140591769e-02 2.627894360837987442e+00 1.007452997281463647e+00 5.000000000000000104e-03 5.000000000000000104e-03
5.634572766531724397e-02 -1.308511775213879250e-02 1.385993364015671858e-01 -2.638612922798114102e+00 -4.498255681693091868e-02 2.628685601881433076e+00 1.007619205989460642e+00 5.000000000000000104e-03 5.000000000000000104e-03
5.638787106671239169e-02 -1.250747149511163489e-02 1.387030008266992576e-01 -2.638824155732000243e+00 -4.501620121245591966e-02 2.629476842924878710e+00 1.007785414697457638e+00 5.000000000000000104e-03 5.000000000000000104e-03
5.643001446810754634e-02 -1.192982523808447728e-02 1.388066652518313293e-01 -2.639035388665886384e+00 -4.504984560798092758e-02 2.630268083968323900e+00 1.007951623405454633e+00 5.000000000000000104e-03 5.000000000000000104e-03
5.647215786950270100e-02 -1.135217898105731968e-02 1.389103296769634011e-01 -2.639246621599772524e+00 -4.508349000350593550e-02 2.631059325011769090e+00 1.008117832113451628e+00 5.000000000000000104e-03 5.000000000000000104e-03
5.651430127089784872e-02 -1.077453272403016207e-02 1.390139941020954728e-01 -2.639457854533658665e+00 -4.511713439903093648e-02 2.631850566055214724e+00 1.008284040821448624e+00 5.000000000000000104e-03 5.000000000000000104e-03
5.655644467229299643e-02 -1.019688646700300447e-02 1.391176585272275168e-01 -2.639669087467544806e+00 -4.515077879455593746e-02 2.632641807098660358e+00 1.008450249529445619e+00 5.000000000000000104e-03 5.000000000000000104e-03
5.659858807368815109e-02 -9.619240209975846861e-03 1.392213229523595885e-01 -2.639880320401430946e+00 -4.518442319008094538e-02 2.633433048142105548e+00 1.008616458237442615e+00 5.000000000000000104e-03 5.000000000000000104e-03
5.664073147508330575e-02 -9.041593952948689256e-03 1.393249873774916603e-01 -2.640091553335317087e+00 -4.521806758560595330e-02 2.634224289185550738e+00 1.008782666945439610e+00 5.000000000000000104e-03 5.000000000000000104e-03
5.668287487647845346e-02 -8.463947695921531650e-03 1.394286518026237043e-01 -2.640302786269203228e+00 -4.525171198113095428e-02 2.635015530228996372e+00 1.008948875653436605e+00 5.000000000000000104e-03 5.000000000000000104e-03
5.672501827787360118e-02 -7.886301438894374044e-03 1.395323162277557483e-01 -2.640514019203089369e+00 -4.528535637665595526e-02 2.635806771272442006e+00 1.009115084361433601e+00 5.000000000000000104e-03 5.000000000000000104e-03
5.676716167926875584e-02 -7.308655181867216438e-03 1.396359806528878200e-01 -2.640725252136975509e+00 -4.531900077218096318e-02 2.636598012315887196e+00 1.009281293069430596e+00 5.000000000000000104e-03 5.000000000000000104e-03
5.680930508066391049e-02 -6.731008924840058832e-03 1.397396450780198918e-01 -2.640936485070861650e+00 -4.535264516770597110e-02 2.637389253359332386e+00 1.009447501777427592e+00 5.000000000000000104e-03 5.000000000000000104e-03
5.685144848205905821e-02 -6.153362667812901227e-03 1.398433095031519358e-01 -2.641147718004747791e+00 -4.538628956323097208e-02 2.638180494402778020e+00 1.009613710485424587e+00 5.000000000000000104e-03 5.000000000000000104e-03
5.689359188345420593e-02 -5.575716410785743621e-03 1.399469739282839797e-01 -2.641358950938633932e+00 -4.541993395875597306e-02 2.638971735446223654e+00 1.009779919193421582e+00 5.000000000000000104e-03 5.000000000000000104e-03
5.693573528484936058e-02 -4.998070153758586015e-03 1.400506383534160515e-01 -2.641570183872520072e+00 -4.545357835428098098e-02 2.639762976489668844e+00 1.009946127901418578e+00 5.000000000000000104e-03 5.000000000000000104e-03
5.697787868624451524e-02 -4.420423896731428409e-03 1.401543027785481232e-01 -2.641781416806406213e+00 -4.548722274980598890e-02 2.640554217533114034e+00 1.010112336609415573e+00 5.000000000000000104e-03 5.000000000000000104e-03
5.702002208763966296e-02 -3.842777639704271237e-03 1.402579672036801672e-01 -2.641992649740292354e+00 -4.552086714533098988e-02 2.641345458576559668e+00 1.010278545317412568e+00 5.000000000000000104e-03 5.000000000000000104e-03
5.706216548903481067e-02 -3.265131382677114065e-03 1.403616316288122112e-01 -2.642203882674178494e+00 -4.555451154085599086e-02 2.642136699620005302e+00 1.010444754025409564e+00 5.000000000000000104e-03 5.000000000000000104e-03
5.710430889042996533e-02 -2.687485125649956893e-03 1.404652960539442830e-01 -2.642415115608064635e+00 -4.558815593638099878e-02 2.642927940663450492e+00 1.010610962733406559e+00 5.000000000000000104e-03 5.000000000000000104e-03
5.714645229182511998e-02 -2.109838868622799721e-03 1.405689604790763547e-01 -2.642626348541950776e+00 -4.562180033190600670e-02 2.643719181706895682e+00 1.010777171441403555e+00 5.000000000000000104e-03 5.000000000000000104e-03
5.718859569322026770e-02 -1.532192611595642549e-03 1.406726249042083987e-01 -2.642837581475836917e+00 -4.565544472743100768e-02 2.644510422750341316e+00 1.010943380149400550e+00 5.000000000000000104e-03 5.000000000000000104e-03
5.723073909461541542e-02 -9.545463545684853765e-04 1.407762893293404427e-01 -2.643048814409723057e+00 -4.568908912295600866e-02 2.645301663793786950e+00 1.011109588857397545e+00 5.000000000000000104e-03 5.000000000000000104e-03
5.727288249601057007e-02 -3.769000975413282044e-04 1.408799537544725144e-01 -2.643260047343609198e+00 -4.572273351848101658e-02 2.646092904837232140e+00 1.011275797565394541e+00 5.000000000000000104e-03 5.000000000000000104e-03
5.731502589740572473e-02 2.007461594858289677e-04 1.409836181796045862e-01 -2.643471280277495339e+00 -4.575637791400602450e-02 2.646884145880677330e+00 1.011442006273391536e+00 5.000000000000000104e-03 5.000000000000000104e-03
5.735716929880087245e-02 7.783924165129861399e-04 1.410872826047366302e-01 -2.643682513211381480e+00 -4.579002230953102548e-02 2.647675386924122964e+00 1.011608214981388532e+00 5.000000000000000104e-03 5.000000000000000104e-03
5.739931270019602016e-02 1.356038673540143312e-03 1.411909470298686742e-01 -2.643893746145267620e+00 -4.582366670505602646e-02 2.648466627967568598e+00 1.011774423689385527e+00 5.000000000000000104e-03 5.000000000000000104e-03
5.744145610159117482e-02 1.933684930567300484e-03 1.412946114550007459e-01 -2.644104979079153761e+00 -4.585731110058103438e-02 2.649257869011013788e+00 1.011940632397382522e+00 5.000000000000000104e-03 5.000000000000000104e-03
5.748359950298632948e-02 2.511331187594457656e-03 1.413982758801328177e-01 -2.644316212013039902e+00 -4.589095549610604230e-02 2.650049110054458978e+00 1.012106841105379518e+00 5.000000000000000104e-03 5.000000000000000104e-03
5.752574290438147719e-02 3.088977444621614828e-03 1.415019403052648617e-01 -2.644527444946926042e+00 -4.592459989163104328e-02 2.650840351097904612e+00 1.012273049813376513e+00 5.000000000000000104e-03 5.000000000000000104e-03
5.756788630577662491e-02 3.666623701648772000e-03 1.416056047303969057e-01 -2.644738677880812183e+00 -4.595824428715604426e-02 2.651631592141350247e+00 1.012439258521373509e+00 5.000000000000000104e-03 5.000000000000000104e-03
5.761002970717177957e-02 4.244269958675929606e-03 1.417092691555289774e-01 -2.644949910814698324e+00 -4.599188868268105218e-02 2.652422833184795437e+00 1.012605467229370504e+00 5.000000000000000104e-03 5.000000000000000104e-03
5.765217310856693422e-02 4.821916215703086345e-03 1.418129335806610491e-01 -2.645161143748584465e+00 -4.602553307820606010e-02 2.653214074228240626e+00 1.012771675937367721e+00 5.000000000000000104e-03 5.000000000000000104e-03
5.769431650996208194e-02 5.399562472730243951e-03 1.419165980057930931e-01 -2.645372376682470605e+00 -4.605917747373106108e-02 2.654005315271686261e+00 1.012937884645364717e+00 5.000000000000000104e-03 5.000000000000000104e-03
5.773645991135722966e-02 5.977208729757401556e-03 1.420202624309251371e-01 -2.645583609616356746e+00 -4.609282186925606206e-02 2.654796556315131895e+00 1.013104093353361712e+00 5.000000000000000104e-03 5.000000000000000104e-03
5.777860331275238431e-02 6.554854986784558295e-03 1.421239268560572089e-01 -2.645794842550242887e+00 -4.612646626478106998e-02 2.655587797358577085e+00 1.013270302061358930e+00 5.000000000000000104e-03 5.000000000000000104e-03
5.782074671414753897e-02 7.132501243811715033e-03 1.422275912811892806e-01 -2.646006075484129028e+00 -4.616011066030607790e-02 2.656379038402022275e+00 1.013436510769356147e+00 5.000000000000000104e-03 5.000000000000000104e-03
5.786289011554268669e-02 7.710147500838872639e-03 1.423312557063213246e-01 -2.646217308418015168e+00 -4.619375505583107888e-02 2.657170279445467909e+00 1.013602719477353142e+00 5.000000000000000104e-03 5.000000000000000104e-03
5.790503351693783440e-02 8.287793757866030245e-03 1.424349201314533686e-01 -2.646428541351901309e+00 -4.622739945135607986e-02 2.657961520488913543e+00 1.013768928185350138e+00 5.000000000000000104e-03 5.000000000000000104e-03
5.794717691833298906e-02 8.865440014893187851e-03 1.425385845565854404e-01 -2.646639774285787450e+00 -4.626104384688108778e-02 2.658752761532358733e+00 1.013935136893347355e+00 5.000000000000000104e-03 5.000000000000000104e-03
5.798932031972814372e-02 9.443086271920343722e-03 1.426422489817175121e-01 -2.646851007219673590e+00 -4.629468824240609570e-02 2.659544002575803923e+00 1.014101345601344573e+00 5.000000000000000104e-03 5.000000000000000104e-03
5.803146372112329143e-02 1.002073252894750133e-02 1.427459134068495561e-01 -2.647062240153559287e+00 -4.632833263793109668e-02 2.660335243619249557e+00 1.014267554309341568e+00 5.000000000000000104e-03 5.000000000000000104e-03
5.807360712251844609e-02 1.059837878597465893e-02 1.428495778319816278e-01 -2.647273473087445428e+00 -4.636197703345610460e-02 2.661126484662695191e+00 1.014433763017338563e+00 5.000000000000000104e-03 5.000000000000000104e-03
5.811575052391360074e-02 1.117602504300181654e-02 1.429532422571136996e-01 -2.647484706021331569e+00 -4.639562142898111252e-02 2.661917725706140825e+00 1.014599971725335559e+00 5.000000000000000104e-03 5.000000000000000104e-03
5.815789392530874846e-02 1.175367130002897414e-02 1.430569066822457713e-01 -2.647695938955217709e+00 -4.642926582450611350e-02 2.662708966749586459e+00 1.014766180433332554e+00 5.000000000000000104e-03 5.000000000000000104e-03
5.820003732670389618e-02 1.233131755705613175e-02 1.431605711073778431e-01 -2.647907171889103850e+00 -4.646291022003111448e-02 2.663500207793031649e+00 1.014932389141329550e+00 5.000000000000000104e-03 5.000000000000000104e-03
5.824218072809905083e-02 1.290896381408328936e-02 1.432642355325099148e-01 -2.648118404822989991e+00 -4.649655461555612240e-02 2.664291448836477283e+00 1.015098597849326545e+00 5.000000000000000104e-03 5.000000000000000104e-03
5.828432412949420549e-02 1.348661007111044696e-02 1.433678999576419866e-01 -2.648329637756876132e+00 -4.653019901108113032e-02 2.665082689879922917e+00 1.015264806557323540e+00 5.000000000000000104e-03 5.000000000000000104e-03
5.832646753088935321e-02 1.406425632813760457e-02 1.434715643827740583e-01 -2.648540870690762272e+00 -4.656384340660613130e-02 2.665873930923368107e+00 1.015431015265320536e+00 5.000000000000000104e-03 5.000000000000000104e-03
5.836861093228450093e-02 1.464190258516476217e-02 1.435752288079061301e-01 -2.648752103624648413e+00 -4.659748780213113228e-02 2.666665171966813297e+00 1.015597223973317531e+00 5.000000000000000104e-03 5.000000000000000104e-03
5.841075433367965558e-02 1.521954884219191978e-02 1.436788932330382018e-01 -2.648963336558534554e+00 -4.663113219765614020e-02 2.667456413010258931e+00 1.015763432681314526e+00 5.000000000000000104e-03 5.000000000000000104e-03
5.845289773507481024e-02 1.579719509921907739e-02 1.437825576581702736e-01 -2.649174569492420694e+00 -4.666477659318114812e-02 2.668247654053704565e+00 1.015929641389311522e+00 5.000000000000000104e-03 5.000000000000000104e-03
5.849504113646995795e-02 1.637484135624623499e-02 1.438862220833023453e-01 -2.649385802426306835e+00 -4.669842098870614910e-02 2.669038895097149755e+00 1.016095850097308517e+00 5.000000000000000104e-03 5.000000000000000104e-03
5.853718453786510567e-02 1.695248761327339260e-02 1.439898865084344171e-01 -2.649597035360192976e+00 -4.673206538423115008e-02 2.669830136140594945e+00 1.016262058805305513e+00 5.000000000000000104e-03 5.000000000000000104e-03
5.857932793926026033e-02 1.753013387030055020e-02 1.440935509335664888e-01 -2.649808268294079117e+00 -4.676570977975615800e-02 2.670621377184040579e+00 1.016428267513302508e+00 5.000000000000000104e-03 5.000000000000000104e-03
5.862147134065541498e-02 1.810778012732770781e-02 1.441972153586985606e-01 -2.650019501227965257e+00 -4.679935417528116592e-02 2.671412618227486213e+00 1.016594476221299503e+00 5.000000000000000104e-03 5.000000000000000104e-03
5.866361474205056270e-02 1.868542638435486541e-02 1.443008797838306323e-01 -2.650230734161851398e+00 -4.683299857080616690e-02 2.672203859270931403e+00 1.016760684929296499e+00 5.000000000000000104e-03 5.000000000000000104e-03
5.870575814344571042e-02 1.926307264138202302e-02 1.444045442089627040e-01 -2.650441967095737539e+00 -4.686664296633116789e-02 2.672995100314376593e+00 1.016926893637293494e+00 5.000000000000000104e-03 5.000000000000000104e-03
5.874790154484086507e-02 1.984071889840918063e-02 1.445082086340947758e-01 -2.650653200029623680e+00 -4.690028736185617581e-02 2.673786341357822227e+00 1.017093102345290490e+00 5.000000000000000104e-03 5.000000000000000104e-03
5.879004494623601973e-02 2.041836515543633823e-02 1.446118730592268475e-01 -2.650864432963509820e+00 -4.693393175738118372e-02 2.674577582401267861e+00 1.017259311053287485e+00 5.000000000000000104e-03 5.000000000000000104e-03
5.883218834763116745e-02 2.099601141246349584e-02 1.447155374843588915e-01 -2.651075665897395961e+00 -4.696757615290618471e-02 2.675368823444713051e+00 1.017425519761284480e+00 5.000000000000000104e-03 5.000000000000000104e-03
5.887433174902631516e-02 2.157365766949065344e-02 1.448192019094909355e-01 -2.651286898831282102e+00 -4.700122054843118569e-02 2.676160064488158241e+00 1.017591728469281476e+00 5.000000000000000104e-03 5.000000000000000104e-03
5.891647515042146982e-02 2.215130392651781105e-02 1.449228663346230073e-01 -2.651498131765168242e+00 -4.703486494395619361e-02 2.676951305531603875e+00 1.017757937177278471e+00 5.000000000000000104e-03 5.000000000000000104e-03
5.895861855181662448e-02 2.272895018354496866e-02 1.450265307597550790e-01 -2.651709364699054383e+00 -4.706850933948120153e-02 2.677742546575049509e+00 1.017924145885275466e+00 5.000000000000000104e-03 5.000000000000000104e-03
5.900076195321177219e-02 2.330659644057212626e-02 1.451301951848871230e-01 -2.651920597632940524e+00 -4.710215373500620251e-02 2.678533787618494699e+00 1.018090354593272462e+00 5.000000000000000104e-03 5.000000000000000104e-03
5.904290535460691991e-02 2.388424269759928387e-02 1.452338596100191670e-01 -2.652131830566826665e+00 -4.713579813053120349e-02 2.679325028661939889e+00 1.018256563301269457e+00 5.000000000000000104e-03 5.000000000000000104e-03
5.908504875600207457e-02 2.446188895462644147e-02 1.453375240351512387e-01 -2.652343063500712805e+00 -4.716944252605621141e-02 2.680116269705385523e+00 1.018422772009266453e+00 5.000000000000000104e-03 5.000000000000000104e-03
5.912719215739722922e-02 2.503953521165359908e-02 1.454411884602833105e-01 -2.652554296434598946e+00 -4.720308692158121933e-02 2.680907510748831157e+00 1.018588980717263448e+00 5.000000000000000104e-03 5.000000000000000104e-03
5.916933555879237694e-02 2.561718146868075668e-02 1.455448528854153545e-01 -2.652765529368485087e+00 -4.723673131710622031e-02 2.681698751792276347e+00 1.018755189425260443e+00 5.000000000000000104e-03 5.000000000000000104e-03
5.921147896018752466e-02 2.619482772570791429e-02 1.456485173105473985e-01 -2.652976762302371228e+00 -4.727037571263122129e-02 2.682489992835721537e+00 1.018921398133257439e+00 5.000000000000000104e-03 5.000000000000000104e-03
5.925362236158267931e-02 2.677247398273507190e-02 1.457521817356794702e-01 -2.653187995236257368e+00 -4.730402010815622921e-02 2.683281233879167171e+00 1.019087606841254434e+00 5.000000000000000104e-03 5.000000000000000104e-03
5.929576576297783397e-02 2.735012023976222950e-02 1.458558461608115420e-01 -2.653399228170143509e+00 -4.733766450368123713e-02 2.684072474922612805e+00 1.019253815549251430e+00 5.000000000000000104e-03 5.000000000000000104e-03
5.933790916437298169e-02 2.792776649678938711e-02 1.459595105859435860e-01 -2.653610461104029650e+00 -4.737130889920623811e-02 2.684863715966057995e+00 1.019420024257248425e+00 5.000000000000000104e-03 5.000000000000000104e-03
5.938005256576812940e-02 2.850541275381654471e-02 1.460631750110756299e-01 -2.653821694037915790e+00 -4.740495329473123909e-02 2.685654957009503185e+00 1.019586232965245420e+00 5.000000000000000104e-03 5.000000000000000104e-03
5.942219596716328406e-02 2.908305901084370232e-02 1.461668394362077017e-01 -2.654032926971801931e+00 -4.743859769025624701e-02 2.686446198052948819e+00 1.019752441673242416e+00 5.000000000000000104e-03 5.000000000000000104e-03
5.946433936855843871e-02 2.966070526787085992e-02 1.462705038613397734e-01 -2.654244159905688072e+00 -4.747224208578125493e-02 2.687237439096394453e+00 1.019918650381239411e+00 5.000000000000000104e-03 5.000000000000000104e-03
5.950648276995358643e-02 3.023835152489801753e-02 1.463741682864718174e-01 -2.654455392839574213e+00 -4.750588648130625591e-02 2.688028680139839643e+00 1.020084859089236407e+00 5.000000000000000104e-03 5.000000000000000104e-03
5.954862617134873415e-02 3.081599778192517514e-02 1.464778327116038614e-01 -2.654666625773460353e+00 -4.753953087683125689e-02 2.688819921183284833e+00 1.020251067797233402e+00 5.000000000000000104e-03 5.000000000000000104e-03
5.959076957274388880e-02 3.139364403895233274e-02 1.465814971367359332e-01 -2.654877858707346494e+00 -4.757317527235626481e-02 2.689611162226730467e+00 1.020417276505230397e+00 5.000000000000000104e-03 5.000000000000000104e-03
5.963291297413904346e-02 3.197129029597949035e-02 1.466851615618680049e-01 -2.655089091641232635e+00 -4.760681966788127273e-02 2.690402403270176102e+00 1.020583485213227393e+00 5.000000000000000104e-03 5.000000000000000104e-03
5.967505637553419118e-02 3.254893655300664795e-02 1.467888259870000489e-01 -2.655300324575118776e+00 -4.764046406340627371e-02 2.691193644313621292e+00 1.020749693921224388e+00 5.000000000000000104e-03 5.000000000000000104e-03
5.971719977692933889e-02 3.312658281003380556e-02 1.468924904121320929e-01 -2.655511557509004916e+00 -4.767410845893127469e-02 2.691984885357066482e+00 1.020915902629221383e+00 5.000000000000000104e-03 5.000000000000000104e-03
5.975934317832449355e-02 3.370422906706096317e-02 1.469961548372641646e-01 -2.655722790442891057e+00 -4.770775285445628261e-02 2.692776126400512116e+00 1.021082111337218379e+00 5.000000000000000104e-03 5.000000000000000104e-03
5.980148657971964821e-02 3.428187532408812077e-02 1.470998192623962364e-01 -2.655934023376777198e+00 -4.774139724998129053e-02 2.693567367443957750e+00 1.021248320045215596e+00 5.000000000000000104e-03 5.000000000000000104e-03
5.984362998111479592e-02 3.485952158111527838e-02 1.472034836875282804e-01 -2.656145256310663338e+00 -4.777504164550629151e-02 2.694358608487402940e+00 1.021414528753212592e+00 5.000000000000000104e-03 5.000000000000000104e-03
5.988577338250994364e-02 3.543716783814243598e-02 1.473071481126603244e-01 -2.656356489244549479e+00 -4.780868604103129249e-02 2.695149849530848130e+00 1.021580737461209587e+00 5.000000000000000104e-03 5.000000000000000104e-03
5.992791678390509830e-02 3.601481409516959359e-02 1.474108125377923961e-01 -2.656567722178435620e+00 -4.784233043655630041e-02 2.695941090574293764e+00 1.021746946169206804e+00 5.000000000000000104e-03 5.000000000000000104e-03
5.997006018530025295e-02 3.659246035219675119e-02 1.475144769629244679e-01 -2.656778955112321761e+00 -4.787597483208130833e-02 2.696732331617739398e+00 1.021913154877204022e+00 5.000000000000000104e-03 5.000000000000000104e-03
6.001220358669540067e-02 3.717010660922390880e-02 1.476181413880565119e-01 -2.656990188046207901e+00 -4.790961922760630931e-02 2.697523572661184588e+00 1.022079363585201017e+00 5.000000000000000104e-03 5.000000000000000104e-03
6.005434698809054839e-02 3.774775286625106641e-02 1.477218058131885559e-01 -2.657201420980094042e+00 -4.794326362313131029e-02 2.698314813704629778e+00 1.022245572293198013e+00 5.000000000000000104e-03 5.000000000000000104e-03
6.009649038948570304e-02 3.832539912327821707e-02 1.478254702383206276e-01 -2.657412653913980183e+00 -4.797690801865631821e-02 2.699106054748075412e+00 1.022411781001195230e+00 5.000000000000000104e-03 5.000000000000000104e-03
6.013863379088085770e-02 3.890304538030536774e-02 1.479291346634526993e-01 -2.657623886847866324e+00 -4.801055241418132613e-02 2.699897295791521046e+00 1.022577989709192448e+00 5.000000000000000104e-03 5.000000000000000104e-03
6.018077719227600542e-02 3.948069163733252535e-02 1.480327990885847433e-01 -2.657835119781752020e+00 -4.804419680970632711e-02 2.700688536834966236e+00 1.022744198417189443e+00 5.000000000000000104e-03 5.000000000000000104e-03
6.022292059367116007e-02 4.005833789435968295e-02 1.481364635137168151e-01 -2.658046352715638161e+00 -4.807784120523132809e-02 2.701479777878411870e+00 1.022910407125186438e+00 5.000000000000000104e-03 5.000000000000000104e-03
6.026506399506631473e-02 4.063598415138684056e-02 1.482401279388488868e-01 -2.658257585649524302e+00 -4.811148560075632907e-02 2.702271018921857504e+00 1.023076615833183434e+00 5.000000000000000104e-03 5.000000000000000104e-03
6.030720739646146938e-02 4.121363040841399816e-02 1.483437923639809586e-01 -2.658468818583410442e+00 -4.814512999628133699e-02 2.703062259965303138e+00 1.023242824541180429e+00 5.000000000000000104e-03 5.000000000000000104e-03
6.034935079785662404e-02 4.179127666544115577e-02 1.484474567891130303e-01 -2.658680051517296583e+00 -4.817877439180634491e-02 2.703853501008748772e+00 1.023409033249177424e+00 5.000000000000000104e-03 5.000000000000000104e-03
6.039149419925177176e-02 4.236892292246831337e-02 1.485511212142451021e-01 -2.658891284451182724e+00 -4.821241878733134589e-02 2.704644742052194406e+00 1.023575241957174420e+00 5.000000000000000104e-03 5.000000000000000104e-03
6.043363760064691947e-02 4.294656917949547098e-02 1.486547856393771738e-01 -2.659102517385068865e+00 -4.824606318285634687e-02 2.705435983095640040e+00 1.023741450665171415e+00 5.000000000000000104e-03 5.000000000000000104e-03
6.047578100204207413e-02 4.352421543652262859e-02 1.487584500645092456e-01 -2.659313750318955005e+00 -4.827970757838135479e-02 2.706227224139085230e+00 1.023907659373168411e+00 5.000000000000000104e-03 5.000000000000000104e-03
6.051792440343722879e-02 4.410186169354978619e-02 1.488621144896413173e-01 -2.659524983252841146e+00 -4.831335197390636271e-02 2.707018465182530420e+00 1.024073868081165406e+00 5.000000000000000104e-03 5.000000000000000104e-03
6.056006780483237650e-02 4.467950795057694380e-02 1.489657789147733891e-01 -2.659736216186727287e+00 -4.834699636943136369e-02 2.707809706225976054e+00 1.024240076789162401e+00 5.000000000000000104e-03 5.000000000000000104e-03
6.060221120622752422e-02 4.525715420760410140e-02 1.490694433399054608e-01 -2.659947449120613427e+00 -4.838064076495636467e-02 2.708600947269421688e+00 1.024406285497159397e+00 5.000000000000000104e-03 5.000000000000000104e-03
6.064435460762267888e-02 4.583480046463125901e-02 1.491731077650375326e-01 -2.660158682054499568e+00 -4.841428516048137259e-02 2.709392188312866878e+00 1.024572494205156392e+00 5.000000000000000104e-03 5.000000000000000104e-03
6.068649800901783353e-02 4.641244672165841662e-02 1.492767721901696043e-01 -2.660369914988385709e+00 -4.844792955600638051e-02 2.710183429356312068e+00 1.024738702913153388e+00 5.000000000000000104e-03 5.000000000000000104e-03
6.072864141041298125e-02 4.699009297868557422e-02 1.493804366153016761e-01 -2.660581147922271850e+00 -4.848157395153138149e-02 2.710974670399757702e+00 1.024904911621150383e+00 5.000000000000000104e-03 5.000000000000000104e-03
6.077078481180812897e-02 4.756773923571273183e-02 1.494841010404337478e-01 -2.660792380856157990e+00 -4.851521834705638248e-02 2.711765911443203336e+00 1.025071120329147378e+00 5.000000000000000104e-03 5.000000000000000104e-03
6.081292821320328362e-02 4.814538549273988943e-02 1.495877654655658195e-01 -2.661003613790044131e+00 -4.854886274258139039e-02 2.712557152486648526e+00 1.025237329037144374e+00 5.000000000000000104e-03 5.000000000000000104e-03
6.085507161459843828e-02 4.872303174976704704e-02 1.496914298906978913e-01 -2.661214846723930272e+00 -4.858250713810639831e-02 2.713348393530093716e+00 1.025403537745141369e+00 5.000000000000000104e-03 5.000000000000000104e-03
6.089721501599358600e-02 4.930067800679420464e-02 1.497950943158299353e-01 -2.661426079657816413e+00 -4.861615153363139930e-02 2.714139634573539350e+00 1.025569746453138364e+00 5.000000000000000104e-03 5.000000000000000104e-03
6.093935841738873371e-02 4.987832426382136225e-02 1.498987587409619793e-01 -2.661637312591702553e+00 -4.864979592915640028e-02 2.714930875616984984e+00 1.025735955161135360e+00 5.000000000000000104e-03 5.000000000000000104e-03
6.098150181878388837e-02 5.045597052084851986e-02 1.500024231660940510e-01 -2.661848545525588694e+00 -4.868344032468140820e-02 2.715722116660430174e+00 1.025902163869132355e+00 5.000000000000000104e-03 5.000000000000000104e-03
6.102364522017904302e-02 5.103361677787567746e-02 1.501060875912261228e-01 -2.662059778459474835e+00 -4.871708472020641612e-02 2.716513357703875364e+00 1.026068372577129351e+00 5.000000000000000104e-03 5.000000000000000104e-03
6.106578862157419074e-02 5.161126303490283507e-02 1.502097520163581668e-01 -2.662271011393360975e+00 -4.875072911573141710e-02 2.717304598747320998e+00 1.026234581285126346e+00 5.000000000000000104e-03 5.000000000000000104e-03
6.110793202296933846e-02 5.218890929192999267e-02 1.503134164414902108e-01 -2.662482244327247116e+00 -4.878437351125641808e-02 2.718095839790766632e+00 1.026400789993123341e+00 5.000000000000000104e-03 5.000000000000000104e-03
6.115007542436449312e-02 5.276655554895715028e-02 1.504170808666222825e-01 -2.662693477261133257e+00 -4.881801790678142600e-02 2.718887080834211822e+00 1.026566998701120337e+00 5.000000000000000104e-03 5.000000000000000104e-03
6.119221882575964777e-02 5.334420180598430788e-02 1.505207452917543542e-01 -2.662904710195019398e+00 -4.885166230230643392e-02 2.719678321877657012e+00 1.026733207409117332e+00 5.000000000000000104e-03 5.000000000000000104e-03
6.123436222715479549e-02 5.392184806301146549e-02 1.506244097168863982e-01 -2.663115943128905538e+00 -4.888530669783143490e-02 2.720469562921102646e+00 1.026899416117114328e+00 5.000000000000000104e-03 5.000000000000000104e-03
6.127650562854994321e-02 5.449949432003862310e-02 1.507280741420184422e-01 -2.663327176062791679e+00 -4.891895109335643588e-02 2.721260803964548280e+00 1.027065624825111323e+00 5.000000000000000104e-03 5.000000000000000104e-03
6.131864902994509786e-02 5.507714057706578070e-02 1.508317385671505140e-01 -2.663538408996677820e+00 -4.895259548888144380e-02 2.722052045007993470e+00 1.027231833533108318e+00 5.000000000000000104e-03 5.000000000000000104e-03
6.136079243134025252e-02 5.565478683409293831e-02 1.509354029922825857e-01 -2.663749641930563961e+00 -4.898623988440645172e-02 2.722843286051438660e+00 1.027398042241105314e+00 5.000000000000000104e-03 5.000000000000000104e-03
6.140293583273540023e-02 5.623243309112009591e-02 1.510390674174146297e-01 -2.663960874864450101e+00 -4.901988427993145270e-02 2.723634527094884294e+00 1.027564250949102309e+00 5.000000000000000104e-03 5.000000000000000104e-03
6.144507923413054795e-02 5.681007934814725352e-02 1.511427318425466737e-01 -2.664172107798336242e+00 -4.905352867545645368e-02 2.724425768138329929e+00 1.027730459657099304e+00 5.000000000000000104e-03 5.000000000000000104e-03
6.148722263552570261e-02 5.738772560517441113e-02 1.512463962676787455e-01 -2.664383340732222383e+00 -4.908717307098146160e-02 2.725217009181775119e+00 1.027896668365096300e+00 5.000000000000000104e-03 5.000000000000000104e-03
6.152936603692085726e-02 5.796537186220156873e-02 1.513500606928108172e-01 -2.664594573666108523e+00 -4.912081746650646952e-02 2.726008250225220308e+00 1.028062877073093295e+00 5.000000000000000104e-03 5.000000000000000104e-03
6.157150943831600498e-02 5.854301811922872634e-02 1.514537251179428612e-01 -2.664805806599994664e+00 -4.915446186203147050e-02 2.726799491268665943e+00 1.028229085781090291e+00 5.000000000000000104e-03 5.000000000000000104e-03
6.161365283971115270e-02 5.912066437625588394e-02 1.515573895430749052e-01 -2.665017039533880805e+00 -4.918810625755647148e-02 2.727590732312111577e+00 1.028395294489087286e+00 5.000000000000000104e-03 5.000000000000000104e-03
6.165579624110630735e-02 5.969831063328304155e-02 1.516610539682069769e-01 -2.665228272467766946e+00 -4.922175065308147940e-02 2.728381973355556767e+00 1.028561503197084281e+00 5.000000000000000104e-03 5.000000000000000104e-03
6.169793964250146201e-02 6.027595689031019915e-02 1.517647183933390487e-01 -2.665439505401653086e+00 -4.925539504860648732e-02 2.729173214399001957e+00 1.028727711905081277e+00 5.000000000000000104e-03 5.000000000000000104e-03
6.174008304389660973e-02 6.085360314733735676e-02 1.518683828184710927e-01 -2.665650738335539227e+00 -4.928903944413148830e-02 2.729964455442447591e+00 1.028893920613078272e+00 5.000000000000000104e-03 5.000000000000000104e-03
6.178222644529175744e-02 6.143124940436451437e-02 1.519720472436031367e-01 -2.665861971269425368e+00 -4.932268383965648928e-02 2.730755696485893225e+00 1.029060129321075268e+00 5.000000000000000104e-03 5.000000000000000104e-03
6.182436984668691210e-02 6.200889566139167197e-02 1.520757116687352084e-01 -2.666073204203311509e+00 -4.935632823518149720e-02 2.731546937529338415e+00 1.029226338029072263e+00 5.000000000000000104e-03 5.000000000000000104e-03
6.186651324808206676e-02 6.258654191841882264e-02 1.521793760938672802e-01 -2.666284437137197649e+00 -4.938997263070650512e-02 2.732338178572783605e+00 1.029392546737069258e+00 5.000000000000000104e-03 5.000000000000000104e-03
6.190865664947721447e-02 6.316418817544597331e-02 1.522830405189993241e-01 -2.666495670071083790e+00 -4.942361702623150610e-02 2.733129419616229239e+00 1.029558755445066254e+00 5.000000000000000104e-03 5.000000000000000104e-03
6.195080005087236219e-02 6.374183443247313785e-02 1.523867049441313681e-01 -2.666706903004969931e+00 -4.945726142175650708e-02 2.733920660659674873e+00 1.029724964153063471e+00 5.000000000000000104e-03 5.000000000000000104e-03
6.199294345226751685e-02 6.431948068950028852e-02 1.524903693692634399e-01 -2.666918135938856071e+00 -4.949090581728151500e-02 2.734711901703120063e+00 1.029891172861060467e+00 5.000000000000000104e-03 5.000000000000000104e-03
6.203508685366267150e-02 6.489712694652743918e-02 1.525940337943955116e-01 -2.667129368872742212e+00 -4.952455021280652292e-02 2.735503142746565253e+00 1.030057381569057462e+00 5.000000000000000104e-03 5.000000000000000104e-03
6.207723025505781922e-02 6.547477320355460373e-02 1.526976982195275556e-01 -2.667340601806628353e+00 -4.955819460833152390e-02 2.736294383790010887e+00 1.030223590277054679e+00 5.000000000000000104e-03 5.000000000000000104e-03
6.211937365645296694e-02 6.605241946058176827e-02 1.528013626446595996e-01 -2.667551834740514494e+00 -4.959183900385652488e-02 2.737085624833456521e+00 1.030389798985051897e+00 5.000000000000000104e-03 5.000000000000000104e-03
6.216151705784812159e-02 6.663006571760891894e-02 1.529050270697916714e-01 -2.667763067674400634e+00 -4.962548339938153280e-02 2.737876865876901711e+00 1.030556007693048892e+00 5.000000000000000104e-03 5.000000000000000104e-03
6.220366045924327625e-02 6.720771197463606961e-02 1.530086914949237431e-01 -2.667974300608286775e+00 -4.965912779490654072e-02 2.738668106920346901e+00 1.030722216401045888e+00 5.000000000000000104e-03 5.000000000000000104e-03
6.224580386063842397e-02 6.778535823166323415e-02 1.531123559200557871e-01 -2.668185533542172916e+00 -4.969277219043154170e-02 2.739459347963792535e+00 1.030888425109043105e+00 5.000000000000000104e-03 5.000000000000000104e-03
6.228794726203357168e-02 6.836300448869039870e-02 1.532160203451878311e-01 -2.668396766476059057e+00 -4.972641658595654268e-02 2.740250589007238169e+00 1.031054633817040322e+00 5.000000000000000104e-03 5.000000000000000104e-03
6.233009066342872634e-02 6.894065074571754936e-02 1.533196847703199028e-01 -2.668607999409945197e+00 -4.976006098148155060e-02 2.741041830050683359e+00 1.031220842525037318e+00 5.000000000000000104e-03 5.000000000000000104e-03
6.237223406482388099e-02 6.951829700274470003e-02 1.534233491954519746e-01 -2.668819232343831338e+00 -4.979370537700655158e-02 2.741833071094128993e+00 1.031387051233034313e+00 5.000000000000000104e-03 5.000000000000000104e-03
6.241437746621903565e-02 7.009594325977185070e-02 1.535270136205840463e-01 -2.669030465277717479e+00 -4.982734977253155950e-02 2.742624312137574627e+00 1.031553259941031309e+00 5.000000000000000104e-03 5.000000000000000104e-03
6.245652086761419031e-02 7.067358951679900136e-02 1.536306780457161181e-01 -2.669241698211603619e+00 -4.986099416805656048e-02 2.743415553181020261e+00 1.031719468649028304e+00 5.000000000000000104e-03 5.000000000000000104e-03
6.249866426900933802e-02 7.125123577382616591e-02 1.537343424708481898e-01 -2.669452931145489760e+00 -4.989463856358156146e-02 2.744206794224465895e+00 1.031885677357025299e+00 5.000000000000000104e-03 5.000000000000000104e-03
6.254080767040448574e-02 7.182888203085331658e-02 1.538380068959802616e-01 -2.669664164079375901e+00 -4.992828295910656938e-02 2.744998035267911529e+00 1.032051886065022295e+00 5.000000000000000104e-03 5.000000000000000104e-03
6.258295107179963346e-02 7.240652828788046724e-02 1.539416713211123333e-01 -2.669875397013262042e+00 -4.996192735463157730e-02 2.745789276311357163e+00 1.032218094773019290e+00 5.000000000000000104e-03 5.000000000000000104e-03
6.262509447319478117e-02 7.298417454490763179e-02 1.540453357462444051e-01 -2.670086629947148182e+00 -4.999557175015657828e-02 2.746580517354802353e+00 1.032384303481016286e+00 5.000000000000000104e-03 5.000000000000000104e-03
6.266723787458992889e-02 7.356182080193479633e-02 1.541490001713764768e-01 -2.670297862881034323e+00 -5.002921614568157926e-02 2.747371758398247543e+00 1.032550512189013281e+00 5.000000000000000104e-03 5.000000000000000104e-03
6.270938127598507661e-02 7.413946705896194700e-02 1.542526645965085486e-01 -2.670509095814920464e+00 -5.006286054120658718e-02 2.748162999441693177e+00 1.032716720897010276e+00 5.000000000000000104e-03 5.000000000000000104e-03
6.275152467738022433e-02 7.471711331598909767e-02 1.543563290216406203e-01 -2.670720328748806605e+00 -5.009650493673159510e-02 2.748954240485138811e+00 1.032882929605007272e+00 5.000000000000000104e-03 5.000000000000000104e-03
6.279366807877537204e-02 7.529475957301626221e-02 1.544599934467726920e-01 -2.670931561682692745e+00 -5.013014933225659608e-02 2.749745481528584001e+00 1.033049138313004267e+00 5.000000000000000104e-03 5.000000000000000104e-03
6.283581148017051976e-02 7.587240583004342676e-02 1.545636578719047638e-01 -2.671142794616578886e+00 -5.016379372778159706e-02 2.750536722572029191e+00 1.033215347021001262e+00 5.000000000000000104e-03 5.000000000000000104e-03
6.287795488156566748e-02 7.645005208707057742e-02 1.546673222970368355e-01 -2.671354027550465027e+00 -5.019743812330660498e-02 2.751327963615474825e+00 1.033381555728998258e+00 5.000000000000000104e-03 5.000000000000000104e-03
6.292009828296081519e-02 7.702769834409772809e-02 1.547709867221689073e-01 -2.671565260484351167e+00 -5.023108251883161290e-02 2.752119204658920459e+00 1.033547764436995253e+00 5.000000000000000104e-03 5.000000000000000104e-03
6.296224168435596291e-02 7.760534460112489263e-02 1.548746511473009790e-01 -2.671776493418237308e+00 -5.026472691435661388e-02 2.752910445702365649e+00 1.033713973144992249e+00 5.000000000000000104e-03 5.000000000000000104e-03
6.300438508575111063e-02 7.818299085815205718e-02 1.549783155724330230e-01 -2.671987726352123449e+00 -5.029837130988161487e-02 2.753701686745810839e+00 1.033880181852989244e+00 5.000000000000000104e-03 5.000000000000000104e-03
6.304652848714625835e-02 7.876063711517920785e-02 1.550819799975650948e-01 -2.672198959286009590e+00 -5.033201570540662279e-02 2.754492927789256473e+00 1.034046390560986239e+00 5.000000000000000104e-03 5.000000000000000104e-03
6.308867188854140606e-02 7.933828337220635851e-02 1.551856444226971665e-01 -2.672410192219895730e+00 -5.036566010093163070e-02 2.755284168832702107e+00 1.034212599268983235e+00 5.000000000000000104e-03 5.000000000000000104e-03
6.313081528993655378e-02 7.991592962923352306e-02 1.552893088478292105e-01 -2.672621425153781871e+00 -5.039930449645663169e-02 2.756075409876147297e+00 1.034378807976980230e+00 5.000000000000000104e-03 5.000000000000000104e-03
6.317295869133170150e-02 8.049357588626068760e-02 1.553929732729612545e-01 -2.672832658087668012e+00 -5.043294889198163267e-02 2.756866650919592487e+00 1.034545016684977226e+00 5.000000000000000104e-03 5.000000000000000104e-03
6.321510209272684921e-02 8.107122214328783827e-02 1.554966376980933263e-01 -2.673043891021554153e+00 -5.046659328750664059e-02 2.757657891963038121e+00 1.034711225392974221e+00 5.000000000000000104e-03 5.000000000000000104e-03
6.325724549412199693e-02 8.164886840031498894e-02 1.556003021232253980e-01 -2.673255123955440293e+00 -5.050023768303164851e-02 2.758449133006483756e+00 1.034877434100971216e+00 5.000000000000000104e-03 5.000000000000000104e-03
6.329938889551714465e-02 8.222651465734215348e-02 1.557039665483574420e-01 -2.673466356889326434e+00 -5.053388207855664949e-02 2.759240374049928946e+00 1.035043642808968212e+00 5.000000000000000104e-03 5.000000000000000104e-03
6.334153229691229237e-02 8.280416091436931803e-02 1.558076309734894860e-01 -2.673677589823212575e+00 -5.056752647408165047e-02 2.760031615093374135e+00 1.035209851516965207e+00 5.000000000000000104e-03 5.000000000000000104e-03
6.338367569830744008e-02 8.338180717139646869e-02 1.559112953986215577e-01 -2.673888822757098715e+00 -5.060117086960665839e-02 2.760822856136819770e+00 1.035376060224962202e+00 5.000000000000000104e-03 5.000000000000000104e-03
6.342581909970258780e-02 8.395945342842361936e-02 1.560149598237536295e-01 -2.674100055690984856e+00 -5.063481526513166631e-02 2.761614097180265404e+00 1.035542268932959198e+00 5.000000000000000104e-03 5.000000000000000104e-03
6.346796250109773552e-02 8.453709968545078390e-02 1.561186242488856735e-01 -2.674311288624870997e+00 -5.066845966065666729e-02 2.762405338223710594e+00 1.035708477640956193e+00 5.000000000000000104e-03 5.000000000000000104e-03
6.351010590249289711e-02 8.511474594247794845e-02 1.562222886740177175e-01 -2.674522521558757138e+00 -5.070210405618166827e-02 2.763196579267155784e+00 1.035874686348953189e+00 5.000000000000000104e-03 5.000000000000000104e-03
6.355224930388804483e-02 8.569239219950509912e-02 1.563259530991497892e-01 -2.674733754492643278e+00 -5.073574845170667619e-02 2.763987820310601418e+00 1.036040895056950184e+00 5.000000000000000104e-03 5.000000000000000104e-03
6.359439270528319255e-02 8.627003845653224978e-02 1.564296175242818610e-01 -2.674944987426529419e+00 -5.076939284723168411e-02 2.764779061354047052e+00 1.036207103764947179e+00 5.000000000000000104e-03 5.000000000000000104e-03
6.363653610667835414e-02 8.684768471355941433e-02 1.565332819494139049e-01 -2.675156220360415560e+00 -5.080303724275668509e-02 2.765570302397492242e+00 1.036373312472944175e+00 5.000000000000000104e-03 5.000000000000000104e-03
6.367867950807351574e-02 8.742533097058657887e-02 1.566369463745459489e-01 -2.675367453294301701e+00 -5.083668163828168607e-02 2.766361543440937432e+00 1.036539521180941170e+00 5.000000000000000104e-03 5.000000000000000104e-03
6.372082290946866345e-02 8.800297722761372954e-02 1.567406107996780207e-01 -2.675578686228187841e+00 -5.087032603380669399e-02 2.767152784484383066e+00 1.036705729888938166e+00 5.000000000000000104e-03 5.000000000000000104e-03
6.376296631086381117e-02 8.858062348464088021e-02 1.568442752248100924e-01 -2.675789919162073982e+00 -5.090397042933170191e-02 2.767944025527828700e+00 1.036871938596935161e+00 5.000000000000000104e-03 5.000000000000000104e-03
6.380510971225897277e-02 8.915826974166804475e-02 1.569479396499421364e-01 -2.676001152095960123e+00 -5.093761482485670289e-02 2.768735266571273890e+00 1.037038147304932156e+00 5.000000000000000104e-03 5.000000000000000104e-03
6.384725311365413436e-02 8.973591599869520929e-02 1.570516040750741804e-01 -2.676212385029846264e+00 -5.097125922038170387e-02 2.769526507614719080e+00 1.037204356012929152e+00 5.000000000000000104e-03 5.000000000000000104e-03
6.388939651504928208e-02 9.031356225572235996e-02 1.571552685002062522e-01 -2.676423617963732404e+00 -5.100490361590671179e-02 2.770317748658164714e+00 1.037370564720926147e+00 5.000000000000000104e-03 5.000000000000000104e-03
6.393153991644442979e-02 9.089120851274951063e-02 1.572589329253383239e-01 -2.676634850897618545e+00 -5.103854801143171971e-02 2.771108989701610348e+00 1.037536773428923143e+00 5.000000000000000104e-03 5.000000000000000104e-03
6.397368331783959139e-02 9.146885476977667517e-02 1.573625973504703679e-01 -2.676846083831504686e+00 -5.107219240695672069e-02 2.771900230745055538e+00 1.037702982136920138e+00 5.000000000000000104e-03 5.000000000000000104e-03
6.401582671923475298e-02 9.204650102680383972e-02 1.574662617756024119e-01 -2.677057316765390826e+00 -5.110583680248172167e-02 2.772691471788500728e+00 1.037869190844917355e+00 5.000000000000000104e-03 5.000000000000000104e-03
6.405797012062990070e-02 9.262414728383099038e-02 1.575699262007344836e-01 -2.677268549699276967e+00 -5.113948119800672959e-02 2.773482712831946362e+00 1.038035399552914351e+00 5.000000000000000104e-03 5.000000000000000104e-03
6.410011352202504842e-02 9.320179354085814105e-02 1.576735906258665554e-01 -2.677479782633163108e+00 -5.117312559353173751e-02 2.774273953875391996e+00 1.038201608260911346e+00 5.000000000000000104e-03 5.000000000000000104e-03
6.414225692342021001e-02 9.377943979788530560e-02 1.577772550509985994e-01 -2.677691015567049249e+00 -5.120676998905673849e-02 2.775065194918837186e+00 1.038367816968908564e+00 5.000000000000000104e-03 5.000000000000000104e-03
6.418440032481537161e-02 9.435708605491247014e-02 1.578809194761306434e-01 -2.677902248500935389e+00 -5.124041438458173947e-02 2.775856435962282376e+00 1.038534025676905781e+00 5.000000000000000104e-03 5.000000000000000104e-03
6.422654372621051933e-02 9.493473231193962081e-02 1.579845839012627151e-01 -2.678113481434821530e+00 -5.127405878010674739e-02 2.776647677005728010e+00 1.038700234384902776e+00 5.000000000000000104e-03 5.000000000000000104e-03
6.426868712760566704e-02 9.551237856896677147e-02 1.580882483263947869e-01 -2.678324714368707671e+00 -5.130770317563175531e-02 2.777438918049173644e+00 1.038866443092899772e+00 5.000000000000000104e-03 5.000000000000000104e-03
6.431083052900082864e-02 9.609002482599393602e-02 1.581919127515268308e-01 -2.678535947302593812e+00 -5.134134757115675629e-02 2.778230159092618834e+00 1.039032651800896989e+00 5.000000000000000104e-03 5.000000000000000104e-03
6.435297393039599023e-02 9.666767108302110056e-02 1.582955771766588748e-01 -2.678747180236479952e+00 -5.137499196668175727e-02 2.779021400136064024e+00 1.039198860508894207e+00 5.000000000000000104e-03 5.000000000000000104e-03
6.439511733179113795e-02 9.724531734004825123e-02 1.583992416017909466e-01 -2.678958413170366093e+00 -5.140863636220676519e-02 2.779812641179509658e+00 1.039365069216891202e+00 5.000000000000000104e-03 5.000000000000000104e-03
6.443726073318628567e-02 9.782296359707540190e-02 1.585029060269230183e-01 -2.679169646104252234e+00 -5.144228075773177311e-02 2.780603882222955292e+00 1.039531277924888197e+00 5.000000000000000104e-03 5.000000000000000104e-03
6.447940413458144726e-02 9.840060985410256644e-02 1.586065704520550623e-01 -2.679380879038138374e+00 -5.147592515325677409e-02 2.781395123266400482e+00 1.039697486632885415e+00 5.000000000000000104e-03 5.000000000000000104e-03
6.452154753597659498e-02 9.897825611112971711e-02 1.587102348771871341e-01 -2.679592111972024515e+00 -5.150956954878178201e-02 2.782186364309846116e+00 1.039863695340882410e+00 5.000000000000000104e-03 5.000000000000000104e-03
6.456369093737174270e-02 9.955590236815686778e-02 1.588138993023192058e-01 -2.679803344905910656e+00 -5.154321394430678993e-02 2.782977605353291750e+00 1.040029904048879406e+00 5.000000000000000104e-03 5.000000000000000104e-03
6.460583433876689041e-02 1.001335486251840323e-01 1.589175637274512776e-01 -2.680014577839796797e+00 -5.157685833983179091e-02 2.783768846396737384e+00 1.040196112756876401e+00 5.000000000000000104e-03 5.000000000000000104e-03
6.464797774016203813e-02 1.007111948822111969e-01 1.590212281525833493e-01 -2.680225810773682937e+00 -5.161050273535679189e-02 2.784560087440183018e+00 1.040362321464873396e+00 5.000000000000000104e-03 5.000000000000000104e-03
6.469012114155718585e-02 1.012888411392383475e-01 1.591248925777154211e-01 -2.680437043707569078e+00 -5.164414713088179981e-02 2.785351328483628208e+00 1.040528530172870392e+00 5.000000000000000104e-03 5.000000000000000104e-03
6.473226454295233356e-02 1.018664873962654982e-01 1.592285570028474928e-01 -2.680648276641455219e+00 -5.167779152640680773e-02 2.786142569527073398e+00 1.040694738880867387e+00 5.000000000000000104e-03 5.000000000000000104e-03
6.477440794434748128e-02 1.024441336532926627e-01 1.593322214279795646e-01 -2.680859509575341360e+00 -5.171143592193180871e-02 2.786933810570519032e+00 1.040860947588864382e+00 5.000000000000000104e-03 5.000000000000000104e-03
6.481655134574262900e-02 1.030217799103198273e-01 1.594358858531116363e-01 -2.681070742509227500e+00 -5.174508031745680969e-02 2.787725051613964666e+00 1.041027156296861378e+00 5.000000000000000104e-03 5.000000000000000104e-03
6.485869474713777671e-02 1.035994261673469780e-01 1.595395502782437080e-01 -2.681281975443113641e+00 -5.177872471298181761e-02 2.788516292657409856e+00 1.041193365004858373e+00 5.000000000000000104e-03 5.000000000000000104e-03
6.490083814853292443e-02 1.041770724243741286e-01 1.596432147033757798e-01 -2.681493208376999782e+00 -5.181236910850682553e-02 2.789307533700855046e+00 1.041359573712855369e+00 5.000000000000000104e-03 5.000000000000000104e-03
6.494298154992807215e-02 1.047547186814012932e-01 1.597468791285078515e-01 -2.681704441310885922e+00 -5.184601350403182651e-02 2.790098774744300680e+00 1.041525782420852364e+00 5.000000000000000104e-03 5.000000000000000104e-03
6.498512495132321987e-02 1.053323649384284577e-01 1.598505435536399233e-01 -2.681915674244772063e+00 -5.187965789955682749e-02 2.790890015787746314e+00 1.041691991128849359e+00 5.000000000000000104e-03 5.000000000000000104e-03
6.502726835271836758e-02 1.059100111954556084e-01 1.599542079787719950e-01 -2.682126907178658204e+00 -5.191330229508183541e-02 2.791681256831191504e+00 1.041858199836846355e+00 5.000000000000000104e-03 5.000000000000000104e-03
6.506941175411351530e-02 1.064876574524827590e-01 1.600578724039040668e-01 -2.682338140112544345e+00 -5.194694669060684333e-02 2.792472497874636694e+00 1.042024408544843350e+00 5.000000000000000104e-03 5.000000000000000104e-03
6.511155515550866302e-02 1.070653037095099236e-01 1.601615368290361385e-01 -2.682549373046430485e+00 -5.198059108613184431e-02 2.793263738918082328e+00 1.042190617252840346e+00 5.000000000000000104e-03 5.000000000000000104e-03
6.515369855690381073e-02 1.076429499665370881e-01 1.602652012541682103e-01 -2.682760605980316626e+00 -5.201423548165684529e-02 2.794054979961527962e+00 1.042356825960837341e+00 5.000000000000000104e-03 5.000000000000000104e-03
6.519584195829895845e-02 1.082205962235642388e-01 1.603688656793002820e-01 -2.682971838914202767e+00 -5.204787987718185321e-02 2.794846221004973152e+00 1.042523034668834336e+00 5.000000000000000104e-03 5.000000000000000104e-03
6.523798535969410617e-02 1.087982424805913895e-01 1.604725301044323538e-01 -2.683183071848088908e+00 -5.208152427270686113e-02 2.795637462048418342e+00 1.042689243376831332e+00 5.000000000000000104e-03 5.000000000000000104e-03
6.528012876108925389e-02 1.093758887376185540e-01 1.605761945295643978e-01 -2.683394304781975048e+00 -5.211516866823186211e-02 2.796428703091863976e+00 1.042855452084828327e+00 5.000000000000000104e-03 5.000000000000000104e-03
6.532227216248440160e-02 1.099535349946457186e-01 1.606798589546964418e-01 -2.683605537715861189e+00 -5.214881306375686310e-02 2.797219944135309611e+00 1.043021660792825323e+00 5.000000000000000104e-03 5.000000000000000104e-03
6.536441556387954932e-02 1.105311812516728692e-01 1.607835233798285135e-01 -2.683816770649747330e+00 -5.218245745928187102e-02 2.798011185178754801e+00 1.043187869500822318e+00 5.000000000000000104e-03 5.000000000000000104e-03
6.540655896527469704e-02 1.111088275087000199e-01 1.608871878049605852e-01 -2.684028003583633470e+00 -5.221610185480687893e-02 2.798802426222199990e+00 1.043354078208819313e+00 5.000000000000000104e-03 5.000000000000000104e-03
6.544870236666984475e-02 1.116864737657271844e-01 1.609908522300926292e-01 -2.684239236517519611e+00 -5.224974625033187992e-02 2.799593667265645625e+00 1.043520286916816309e+00 5.000000000000000104e-03 5.000000000000000104e-03
6.549084576806499247e-02 1.122641200227543490e-01 1.610945166552246732e-01 -2.684450469451405752e+00 -5.228339064585688090e-02 2.800384908309091259e+00 1.043686495624813304e+00 5.000000000000000104e-03 5.000000000000000104e-03
6.553298916946014019e-02 1.128417662797814996e-01 1.611981810803567450e-01 -2.684661702385291893e+00 -5.231703504138188882e-02 2.801176149352536449e+00 1.043852704332810299e+00 5.000000000000000104e-03 5.000000000000000104e-03
6.557513257085528791e-02 1.134194125368086503e-01 1.613018455054888167e-01 -2.684872935319178033e+00 -5.235067943690689674e-02 2.801967390395981639e+00 1.044018913040807295e+00 5.000000000000000104e-03 5.000000000000000104e-03
6.561727597225044950e-02 1.139970587938358149e-01 1.614055099306208607e-01 -2.685084168253064174e+00 -5.238432383243189772e-02 2.802758631439427273e+00 1.044185121748804290e+00 5.000000000000000104e-03 5.000000000000000104e-03
6.565941937364561110e-02 1.145747050508629794e-01 1.615091743557529047e-01 -2.685295401186950315e+00 -5.241796822795689870e-02 2.803549872482872907e+00 1.044351330456801286e+00 5.000000000000000104e-03 5.000000000000000104e-03
6.570156277504075881e-02 1.151523513078901301e-01 1.616128387808849765e-01 -2.685506634120836456e+00 -5.245161262348190662e-02 2.804341113526318097e+00 1.044517539164798281e+00 5.000000000000000104e-03 5.000000000000000104e-03
6.574370617643590653e-02 1.157299975649172807e-01 1.617165032060170482e-01 -2.685717867054722596e+00 -5.248525701900691454e-02 2.805132354569763287e+00 1.044683747872795276e+00 5.000000000000000104e-03 5.000000000000000104e-03
6.578584957783106812e-02 1.163076438219444453e-01 1.618201676311490922e-01 -2.685929099988608737e+00 -5.251890141453191552e-02 2.805923595613208921e+00 1.044849956580792272e+00 5.000000000000000104e-03 5.000000000000000104e-03
6.582799297922622972e-02 1.168852900789716098e-01 1.619238320562811362e-01 -2.686140332922494878e+00 -5.255254581005691650e-02 2.806714836656654555e+00 1.045016165288789267e+00 5.000000000000000104e-03 5.000000000000000104e-03
6.587013638062137744e-02 1.174629363359987605e-01 1.620274964814132079e-01 -2.686351565856381018e+00 -5.258619020558192442e-02 2.807506077700099745e+00 1.045182373996786263e+00 5.000000000000000104e-03 5.000000000000000104e-03
6.591227978201652515e-02 1.180405825930259112e-01 1.621311609065452797e-01 -2.686562798790267159e+00 -5.261983460110693234e-02 2.808297318743544935e+00 1.045348582704783258e+00 5.000000000000000104e-03 5.000000000000000104e-03
6.595442318341168675e-02 1.186182288500530757e-01 1.622348253316773237e-01 -2.686774031724153300e+00 -5.265347899663193332e-02 2.809088559786990569e+00 1.045514791412780253e+00 5.000000000000000104e-03 5.000000000000000104e-03
6.599656658480684834e-02 1.191958751070802403e-01 1.623384897568093677e-01 -2.686985264658039441e+00 -5.268712339215693430e-02 2.809879800830436203e+00 1.045681000120777249e+00 5.000000000000000104e-03 5.000000000000000104e-03
6.603870998620199606e-02 1.197735213641073909e-01 1.624421541819414394e-01 -2.687196497591925581e+00 -5.272076778768194222e-02 2.810671041873881393e+00 1.045847208828774244e+00 5.000000000000000104e-03 5.000000000000000104e-03
6.608085338759714378e-02 1.203511676211345416e-01 1.625458186070735112e-01 -2.687407730525811722e+00 -5.275441218320695014e-02 2.811462282917326583e+00 1.046013417536771239e+00 5.000000000000000104e-03 5.000000000000000104e-03
6.612299678899230537e-02 1.209288138781617061e-01 1.626494830322055551e-01 -2.687618963459697863e+00 -5.278805657873195112e-02 2.812253523960772217e+00 1.046179626244768235e+00 5.000000000000000104e-03 5.000000000000000104e-03
6.616514019038746697e-02 1.215064601351888707e-01 1.627531474573375991e-01 -2.687830196393584004e+00 -5.282170097425695210e-02 2.813044765004217851e+00 1.046345834952765230e+00 5.000000000000000104e-03 5.000000000000000104e-03
6.620728359178261468e-02 1.220841063922160213e-01 1.628568118824696709e-01 -2.688041429327470144e+00 -5.285534536978196002e-02 2.813836006047663041e+00 1.046512043660762226e+00 5.000000000000000104e-03 5.000000000000000104e-03
6.624942699317776240e-02 1.226617526492431720e-01 1.629604763076017426e-01 -2.688252662261356285e+00 -5.288898976530696794e-02 2.814627247091108231e+00 1.046678252368759221e+00 5.000000000000000104e-03 5.000000000000000104e-03
6.629157039457292400e-02 1.232393989062703366e-01 1.630641407327337866e-01 -2.688463895195242426e+00 -5.292263416083196892e-02 2.815418488134553865e+00 1.046844461076756438e+00 5.000000000000000104e-03 5.000000000000000104e-03
6.633371379596808559e-02 1.238170451632975011e-01 1.631678051578658306e-01 -2.688675128129128566e+00 -5.295627855635696990e-02 2.816209729177999499e+00 1.047010669784753656e+00 5.000000000000000104e-03 5.000000000000000104e-03
6.637585719736323331e-02 1.243946914203246518e-01 1.632714695829979024e-01 -2.688886361063014707e+00 -5.298992295188197782e-02 2.817000970221444689e+00 1.047176878492750651e+00 5.000000000000000104e-03 5.000000000000000104e-03
6.641800059875838103e-02 1.249723376773518024e-01 1.633751340081299741e-01 -2.689097593996900848e+00 -5.302356734740698574e-02 2.817792211264889879e+00 1.047343087200747647e+00 5.000000000000000104e-03 5.000000000000000104e-03
6.646014400015354262e-02 1.255499839343789670e-01 1.634787984332620181e-01 -2.689308826930786989e+00 -5.305721174293198672e-02 2.818583452308335513e+00 1.047509295908744864e+00 5.000000000000000104e-03 5.000000000000000104e-03
6.650228740154870422e-02 1.261276301914061315e-01 1.635824628583940621e-01 -2.689520059864673129e+00 -5.309085613845698770e-02 2.819374693351781147e+00 1.047675504616742082e+00 5.000000000000000104e-03 5.000000000000000104e-03
6.654443080294385193e-02 1.267052764484332961e-01 1.636861272835261338e-01 -2.689731292798559270e+00 -5.312450053398199562e-02 2.820165934395226337e+00 1.047841713324739077e+00 5.000000000000000104e-03 5.000000000000000104e-03
6.658657420433899965e-02 1.272829227054604329e-01 1.637897917086582056e-01 -2.689942525732445411e+00 -5.315814492950700354e-02 2.820957175438671527e+00 1.048007922032736072e+00 5.000000000000000104e-03 5.000000000000000104e-03
6.662871760573416124e-02 1.278605689624875974e-01 1.638934561337902496e-01 -2.690153758666331107e+00 -5.319178932503200452e-02 2.821748416482117161e+00 1.048174130740733290e+00 5.000000000000000104e-03 5.000000000000000104e-03
